nombre,descripcion,fuente,url,tipo_documento,relevancia_predicha,explicacion_predicha,tiempo_ejecucion_seg,tokens_prompt,tokens_respuesta,tokens_totales,relevancia_real,explicacion_real,ano,exitos,peso_real
Circular N° 6 del 16 de Enero del 2025,Imparte instrucciones sobre las modificaciones introducidas al Código Tributario por la Ley N° 21.713 en materia de grupos empresariales y el procedimiento de fiscalización unificado. Complementa la Circular N° 12 de 2021.,Subdireccion Juridica,https://www.sii.cl/normativa_legislacion/circulares/2025/circu6.pdf,circular,No Relevante,No cumple reglas de negocio.,2.593,7112,19,7131,No Relevante,No se encontraron reglas de negocio,2025,0,0
Resolución Exenta SII N° 30 del 06 de Marzo del 2025,"Fija nómina de territorios o jurisdicciones que tienen un régimen fiscal preferencial, conforme al Artículo 41 H de la Ley sobre Impuesto a la Renta",Subdireccion De Fiscalizacion,https://www.sii.cl/normativa_legislacion/resoluciones/2025/reso30.pdf,resolucion,No Relevante,"La normativa se centra en fijar una nómina de territorios con régimen fiscal preferencial según el artículo 41 H de la Ley sobre Impuesto a la Renta, lo cual no se relaciona directamente con los temas de boletas, comprobantes electrónicos, registros de compra o venta, cumplimiento tributario automatizado, inicio de actividades, medios de pago electrónicos, POS, operadores y administradores, comercio electrónico, o PSP.",3.68,1479,100,1579,No Relevante,No se encontraron reglas de negocio,2025,0,0
Resolución Exenta SII N° 10 del 16 de Enero del 2025,Delega facultad que indica en la funcionaria que se individualiza,Subdireccion Juridica,https://www.sii.cl/normativa_legislacion/resoluciones/2025/reso10.pdf,resolucion,No Relevante,La normativa se refiere a la delegación de facultades para absolver posiciones en un juicio específico y no trata sobre ninguno de los temas definidos como relevantes para el sistema de cumplimiento normativo automatizado de la fintech.,2.656,877,56,933,No Relevante,No se encontraron reglas de negocio,2025,0,0
Circular N° 18 del 21 de Febrero del 2025,"Imparte instrucciones sobre la competencia de las Unidades del Servicio para realizar actuaciones que indica de conformidad con las disposiciones del N° 11 de la letra B) del artículo 6°; inciso primero del artículo 65 bis y artículo 65 ter, todos del Código Tributario. Complementa Circular N° 41 de 2015.",Subdireccion Juridica,https://www.sii.cl/normativa_legislacion/circulares/2025/circu18.pdf,circular,No Relevante,No cumple reglas de negocio.,1.652,2715,19,2734,No Relevante,No se encontraron reglas de negocio,2025,0,0
Resolución Exenta SII N° 52 del 25 de Abril del 2025,Autoriza a proceder conforme al modelo de operación de contabilidad electrónica a los contribuyentes que señala,Subdireccion De Asistencia Al Contribuyente,https://www.sii.cl/normativa_legislacion/resoluciones/2025/reso52.pdf,resolucion,No Relevante,"La normativa se centra en autorizar a ciertos contribuyentes a operar bajo un modelo de contabilidad electrónica, lo cual no se relaciona directamente con los temas especificados como boletas, comprobantes electrónicos, registro de compra, registro de venta, cumplimiento tributario, inicio de actividades, medios de pago electrónicos, POS, operadores y administradores, comercio electrónico o PSP. No cumple reglas de negocio.",3.504,1908,94,2002,No Relevante,No se encontraron reglas de negocio,2025,0,0
Resolución Exenta SII N° 56 del 30 de Abril del 2025,Aprueba Convenio de Intercambio de Información y Colaboración entre el Servicio de Registro Civil e Identificación y el Servicio de Impuestos Internos.,Subdireccion De Asistencia Al Contribuyente,https://www.sii.cl/normativa_legislacion/resoluciones/2025/reso56.pdf,resolucion,No Relevante,"No cumple reglas de negocio. La normativa se centra en un convenio de intercambio de información y colaboración entre el Servicio de Registro Civil e Identificación y el Servicio de Impuestos Internos, sin abordar directamente temas relacionados con boletas, comprobantes electrónicos, registros de compra o venta, cumplimiento tributario, inicio de actividades, medios de pago electrónicos, POS, operadores y administradores, comercio electrónico o PSP.",3.966,8515,94,8609,No Relevante,Contiene 'inicio de actividades',2025,1,1
Resolución Exenta SII N° 82 del 03 de Julio del 2025,"Aprueba Convenio de Intercambio de Información y Colaboración entre la Unidad Administradora de los Tribunales Tributarios y Aduaneros, y del Tribunal de Contratación Pública y el Servicio de Impuestos Internos.",Subdireccion De Asistencia Al Contribuyente,https://www.sii.cl/normativa_legislacion/resoluciones/2025/reso82.pdf,resolucion,No Relevante,"La normativa se centra en un convenio de intercambio de información y colaboración entre el Servicio de Impuestos Internos y la Unidad Administradora de los Tribunales Tributarios y Aduaneros, y del Tribunal de Contratación Pública. No aborda directamente temas relacionados con boletas, comprobantes electrónicos, registros de compra o venta, cumplimiento tributario, inicio de actividades, medios de pago electrónicos, POS, operadores y administradores, comercio electrónico, o PSP. Por lo tanto, no cumple con las reglas de negocio establecidas para ser clasificada como relevante.",5.106,3672,125,3797,No Relevante,No se encontraron reglas de negocio,2025,0,0
Circular N° 44 del 12 de Junio del 2025,Tablas de impuesto único de segunda categoría para el mes de julio de 2025 e información adicional relacionada con dicho tributo.,Subdireccion De Normativa,https://www.sii.cl/normativa_legislacion/circulares/2025/circu44.pdf,circular,No Relevante,"La normativa se centra en las tablas de impuesto único de segunda categoría y no aborda temas relacionados con boletas, comprobantes electrónicos, registros de compra o venta, cumplimiento tributario automatizado, medios de pago electrónicos, POS, comercio electrónico, o PSP. No cumple reglas de negocio.",3.326,2703,70,2773,No Relevante,No se encontraron reglas de negocio,2025,0,0
Circular N° 17 del 12 de Febrero del 2025,Informa tabla de cálculos de reajustes y multas para el mes de marzo 2025.,Subdireccion De Fiscalizacion Departamento De Diseno De Procedimientos,https://www.sii.cl/normativa_legislacion/circulares/2025/circu17.pdf,circular,No Relevante,"La normativa se centra en informar sobre tablas de cálculos de reajustes y multas, lo cual no se relaciona directamente con los temas definidos como relevantes para el sistema de cumplimiento normativo automatizado de la fintech.",3.022,1645,56,1701,No Relevante,No se encontraron reglas de negocio,2025,0,0
Resolución Exenta SII N° 59 del 06 de Mayo del 2025,Establece procedimiento para efectuar denuncias anónimas de conformidad al artículo 100 quáter del código tributario,Subdireccion Juridica,https://www.sii.cl/normativa_legislacion/resoluciones/2025/reso59.pdf,resolucion,No Relevante,"No cumple reglas de negocio. La normativa se centra en el procedimiento para efectuar denuncias anónimas de delitos tributarios, lo cual no se relaciona directamente con los temas especificados como boletas, comprobantes electrónicos, registro de compra, registro de venta, cumplimiento tributario automatizado, inicio de actividades, medios de pago electrónicos, POS, operadores y administradores, comercio electrónico, o PSP.",4.452,2924,94,3018,No Relevante,Contiene 'donaciones',2025,1,1
Circular N° 34 del 25 de Abril del 2025,Imparte instrucciones sobre las modificaciones introducidas por la Ley N° 21.713 a los artículos 101 y 206 del Código Tributario. Modifica Circular N° 35 de 2022,Subdireccion Juridica,https://www.sii.cl/normativa_legislacion/circulares/2025/circu34.pdf,circular,No Relevante,"No cumple reglas de negocio. La normativa se centra en sanciones a funcionarios por infracciones relacionadas con la aplicación de leyes tributarias y la obligación de reserva, sin abordar temas directamente relacionados con boletas, comprobantes electrónicos, registros de compra o venta, cumplimiento tributario automatizado, medios de pago electrónicos, POS, operadores, comercio electrónico o PSP.",3.442,1283,84,1367,No Relevante,No se encontraron reglas de negocio,2025,0,0
Circular N° 22 del 11 de Marzo del 2025,Informa tabla de cálculos de reajustes y multas para el mes de abril 2025.,Subdireccion De Fiscalizacion,https://www.sii.cl/normativa_legislacion/circulares/2025/circu22.pdf,circular,No Relevante,"La normativa se centra en informar sobre tablas de cálculos de reajustes y multas, lo cual no se relaciona directamente con los temas definidos como relevantes para el sistema de cumplimiento normativo automatizado de la fintech.",2.927,1698,56,1754,No Relevante,No se encontraron reglas de negocio,2025,0,0
Resolución Exenta SII N° 71 del 19 de Junio del 2025,"Imparte instrucciones sobre procedimiento para que las empresas certificadoras independientes puedan otorgar certificación anual de sostenibilidad tributaria a los contribuyentes, de acuerdo con el párrafo segundo del N° 18 del artículo 8° del Código Tributario.",Subdireccion De Fiscalizacion,https://www.sii.cl/normativa_legislacion/resoluciones/2025/reso71.pdf,resolucion,No Relevante,La normativa se centra en la certificación de sostenibilidad tributaria y no aborda directamente ninguno de los temas específicos listados como relevantes para el sistema de cumplimiento normativo automatizado de la fintech.,3.968,15085,52,15137,No Relevante,Contiene 'cumplimiento tributario',2025,1,1
Resolución Exenta SII N° 46 del 10 de Abril del 2025,Aprueba Convenio de Intercambio de Información y Colaboración entre la Superintendencia de Educación y el Servicio de Impuestos Internos.,Subdireccion De Asistencia Al Contribuyente,https://www.sii.cl/normativa_legislacion/resoluciones/2025/reso46.pdf,resolucion,No Relevante,"La normativa se centra en un convenio de intercambio de información y colaboración entre la Superintendencia de Educación y el Servicio de Impuestos Internos, sin abordar directamente temas como boletas, comprobantes electrónicos, registros de compra o venta, cumplimiento tributario, medios de pago electrónicos, POS, comercio electrónico, o PSP. No cumple reglas de negocio.",8.095,7801,83,7884,No Relevante,Contiene 'donaciones',2025,1,1
Circular N° 14 del 10 de Febrero del 2025,Tablas de impuesto único de segunda categoría para el mes de marzo de 2025 e información adicional relacionada con dicho tributo.,Subdireccion Normativa,https://www.sii.cl/normativa_legislacion/circulares/2025/circu14.pdf,circular,No Relevante,"La normativa se centra en las tablas de impuesto único de segunda categoría y no aborda temas relacionados con boletas, comprobantes electrónicos, registros de compra o venta, cumplimiento tributario automatizado, inicio de actividades, medios de pago electrónicos, POS, operadores y administradores, comercio electrónico o PSP. No cumple reglas de negocio.",3.803,2655,78,2733,No Relevante,No se encontraron reglas de negocio,2025,0,0
Resolución Exenta SII N° 49 del 17 de Abril del 2025,Tramitación de las autodenuncias conforme al artículo 100 sexies del Código Tributario.,Subdireccion Juridica,https://www.sii.cl/normativa_legislacion/resoluciones/2025/reso49.pdf,resolucion,No Relevante,"La normativa se centra en el procedimiento para la tramitación de autodenuncias relacionadas con delitos tributarios, lo cual no se relaciona directamente con los temas especificados como boletas, comprobantes electrónicos, registro de compra, registro de venta, cumplimiento tributario automatizado, inicio de actividades, medios de pago electrónicos, POS, operadores y administradores, comercio electrónico o PSP.",3.476,2067,91,2158,No Relevante,No se encontraron reglas de negocio,2025,0,0
Circular N° 43 del 05 de Junio del 2025,"Tabla de Cálculos de Reajustes, Intereses y Multas sobre Pagos Provisionales Mensuales Obligatorios (PPMO) con obligación tributaria anual cumplida, para aplicarse durante el año 2025.",Subdireccion De Fiscalizacion,https://www.sii.cl/normativa_legislacion/circulares/2025/circu43.pdf,circular,No Relevante,"La normativa se centra en la tabla de cálculos de reajustes, intereses y multas sobre pagos provisionales mensuales obligatorios (PPMO) y no aborda ninguno de los temas específicos relacionados con el cumplimiento normativo automatizado de la fintech, como boletas, comprobantes electrónicos, registro de compra o venta, medios de pago electrónicos, entre otros.",3.379,2189,84,2273,No Relevante,No se encontraron reglas de negocio,2025,0,0
Resolución Exenta SII N° 17 del 07 de Febrero del 2025,Aprueba Addendum al Convenio de Intercambio de Información y Colaboración entre el Servicio Electoral y el Servicio de Impuestos Internos,Subdireccion De Asistencia Al Contribuyente,https://www.sii.cl/normativa_legislacion/resoluciones/2025/reso17.pdf,resolucion,No Relevante,"La normativa se centra en un addendum al convenio de intercambio de información y colaboración entre el Servicio Electoral y el Servicio de Impuestos Internos, sin abordar temas relacionados con boletas, comprobantes electrónicos, registros de compra o venta, cumplimiento tributario, inicio de actividades, medios de pago electrónicos, POS, operadores y administradores, comercio electrónico o PSP. No cumple reglas de negocio.",4.009,2457,91,2548,No Relevante,No se encontraron reglas de negocio,2025,0,0
Resolución Exenta SII N° 45 del 10 de Abril del 2025,"Fija contenido, forma y plazo para dar cumplimiento a la obligación de informar de la superintendencia del medio ambiente, respecto de los proyectos de inversión, en el contexto de la contribución para el desarrollo regional.",Subdireccion De Fiscalizacion,https://www.sii.cl/normativa_legislacion/resoluciones/2025/reso45.pdf,resolucion,No Relevante,"La normativa se centra en la obligación de informar a la superintendencia del medio ambiente sobre proyectos de inversión en el contexto de la contribución para el desarrollo regional. No aborda temas relacionados con boletas, comprobantes electrónicos, registros de compra o venta, cumplimiento tributario automatizado, medios de pago electrónicos, POS, operadores y administradores, comercio electrónico, o PSP. No cumple reglas de negocio.",9.065,1778,94,1872,No Relevante,No se encontraron reglas de negocio,2025,0,0
Resolución Exenta SII N° 69 del 19 de Junio del 2025,Instruye forma en que los bancos comerciales deben cumplir la obligación a que se refiere el inciso segundo del artículo 89 del código tributario.,Subdireccion De Fiscalizacion,https://www.sii.cl/normativa_legislacion/resoluciones/2025/reso69.pdf,resolucion,Relevante,"La normativa es relevante porque establece obligaciones para los bancos comerciales relacionadas con el ""inicio de actividades"" de personas jurídicas o entidades empresariales al tramitar solicitudes de crédito o préstamos. Esto afecta el cumplimiento tributario automatizado, ya que los bancos deben verificar y reportar esta información al Servicio de Impuestos Internos (SII), lo cual es un proceso que puede ser automatizado por una fintech.",3.414,1367,92,1459,No Relevante,Contiene 'inicio de actividades',2025,1,1
Resolución Exenta SII N° 13 del 24 de Enero del 2025,"Revoca facultad y deja sin efecto Resolución Exenta SII N° 69, de 2017; delega facultad en el Subdirector de Asistencia al Contribuyente en la materia que indica.",Subdireccion De Asistencia Al Contribuyente,https://www.sii.cl/normativa_legislacion/resoluciones/2025/reso13.pdf,resolucion,No Relevante,"La normativa se centra en la delegación de facultades para la entrega de información en el marco de convenios de cooperación interinstitucional, lo cual no afecta directamente los temas de boletas, comprobantes electrónicos, registros de compra o venta, cumplimiento tributario, inicio de actividades, medios de pago electrónicos, POS, operadores y administradores, comercio electrónico, o PSP. No cumple reglas de negocio.",3.838,800,94,894,No Relevante,No se encontraron reglas de negocio,2025,0,0
Resolución Exenta SII N° 72 del 19 de Junio del 2025,"Establece contenido y procedimiento de suscripción y ejecución de acuerdos de cooperación con grupos empresariales, conforme con los incisos tercero y cuarto del N° 18 del artículo 8° del Código Tributario.",Subdireccion De Fiscalizacion,https://www.sii.cl/normativa_legislacion/resoluciones/2025/reso72.pdf,resolucion,No Relevante,"La normativa se centra en la suscripción y ejecución de acuerdos de cooperación con grupos empresariales para promover la sostenibilidad tributaria, pero no aborda directamente temas como boletas, comprobantes electrónicos, registro de compra, registro de venta, medios de pago electrónicos, POS, comercio electrónico, o PSP, que son los criterios definidos para clasificar una normativa como relevante para el sistema de cumplimiento normativo automatizado de la fintech.",5.252,17448,98,17546,No Relevante,Contiene 'cumplimiento tributario',2025,1,1
Resolución Exenta SII N° 80 del 26 de Junio del 2025,Establece procedimiento para presentar la solicitud de no ser notificado por correo electrónico en las situaciones que prevé el inciso primero del artículo 11 del Código Tributario.,Subdireccion De Asistencia Al Contribuyente,https://www.sii.cl/normativa_legislacion/resoluciones/2025/reso80.pdf,resolucion,No Relevante,"La normativa se centra en el procedimiento para solicitar no ser notificado por correo electrónico, lo cual no se relaciona directamente con los temas definidos como relevantes para el sistema de cumplimiento normativo automatizado de la fintech.",3.033,1319,56,1375,No Relevante,No se encontraron reglas de negocio,2025,0,0
Resolución Exenta SII N° 28 del 06 de Marzo del 2025,"Fija procedimiento para la suscripción de acuerdos anticipados de precios de transferencia, conforme al N° 7 del Artículo 41 E de la Ley sobre Impuesto a la Renta. Deja sin efecto Resoluciones Ex. N° 68 de 2013 y N° 114 de 2022.",Subdireccion De Fiscalizacion,https://www.sii.cl/normativa_legislacion/resoluciones/2025/reso28.pdf,resolucion,No Relevante,"La normativa se centra en los acuerdos anticipados de precios de transferencia, que no están directamente relacionados con los temas especificados como boletas, comprobantes electrónicos, registro de compra, registro de venta, cumplimiento tributario, inicio de actividades, medios de pago electrónicos, POS, operadores y administradores, comercio electrónico o PSP. No cumple reglas de negocio.",6.429,4614,84,4698,No Relevante,No se encontraron reglas de negocio,2025,0,0
Circular N° 10 del 30 de Enero del 2025,Imparte instrucciones sobre las modificaciones introducidas por la Ley N° 21.713 al artículo 41 E de la Ley sobre Impuesto a la Renta. Deja sin efecto la Circular N° 29 de 2013.,Subdireccion Normativa,https://www.sii.cl/normativa_legislacion/circulares/2025/circu10.pdf,circular,No Relevante,No cumple reglas de negocio,3.645,19404,18,19422,No Relevante,No se encontraron reglas de negocio,2025,0,0
Resolución Exenta SII N° 51 del 25 de Abril del 2025,Aprueba Addendum al Convenio de Intercambio de Información y Colaboración entre el Banco Central de Chile y el Servicio de Impuestos Internos.,Subdireccion De Asistencia Al Contribuyente,https://www.sii.cl/normativa_legislacion/resoluciones/2025/reso51.pdf,resolucion,Relevante,"La normativa incluye modificaciones relacionadas con el ""comprobante de boleta electrónica"" y el ""registro de compra y venta"", que son temas directamente relacionados con el cumplimiento tributario y los comprobantes electrónicos, lo cual es relevante para el sistema de cumplimiento normativo automatizado de la fintech.",3.414,5517,69,5586,Relevante,Contiene 'registro de compra' | Contiene 'boletas electrónicas',2025,2,3
Resolución Exenta SII N° 62 del 22 de Mayo del 2025,Aprueba Addendum al Convenio de Intercambio de Información y Colaboración entre la Dirección de Presupuestos y el Servicio de Impuestos Internos.,Subdireccion De Asistencia Al Contribuyente,https://www.sii.cl/normativa_legislacion/resoluciones/2025/reso62.pdf,resolucion,No Relevante,"La normativa se centra en un addendum al convenio de intercambio de información y colaboración entre la Dirección de Presupuestos y el Servicio de Impuestos Internos. No aborda directamente temas como boletas, comprobantes electrónicos, registro de compra o venta, cumplimiento tributario, inicio de actividades, medios de pago electrónicos, POS, operadores y administradores, comercio electrónico, o PSP. Por lo tanto, no cumple con las reglas de negocio establecidas para ser clasificada como relevante.",4.478,3233,109,3342,No Relevante,No se encontraron reglas de negocio,2025,0,0
Resolución Exenta SII N° 34 del 19 de Marzo del 2025,OTORGA CONDONACIÓN SOBRE MULTAS INFRACCIONALES EN LOS CASOS QUE SE SEÑALAN,Subdireccion De Fiscalizacion,https://www.sii.cl/normativa_legislacion/resoluciones/2025/reso34.pdf,resolucion,No Relevante,"No cumple reglas de negocio. La normativa se centra en la condonación de multas por presentación fuera de plazo de una declaración jurada específica, lo cual no se relaciona directamente con los temas definidos como relevantes para el sistema de cumplimiento normativo automatizado de la fintech.",3.673,849,68,917,No Relevante,Contiene 'cumplimiento tributario',2025,1,1
Circular N° 40 del 09 de Mayo del 2025,Tablas de impuesto único de segunda categoría para el mes de junio de 2025 e información adicional relacionada con dicho tributo.,Subdireccion Normativa,https://www.sii.cl/normativa_legislacion/circulares/2025/circu40.pdf,circular,No Relevante,"La normativa se centra en las tablas de impuesto único de segunda categoría y no aborda temas relacionados con boletas, comprobantes electrónicos, registros de compra o venta, cumplimiento tributario automatizado, inicio de actividades, medios de pago electrónicos, POS, operadores y administradores, comercio electrónico o PSP. No cumple reglas de negocio.",2.937,2708,78,2786,No Relevante,No se encontraron reglas de negocio,2025,0,0
Circular N° 19 del 06 de Marzo del 2025,"Imparte instrucciones sobre diversas modificaciones introducidas por la Ley N° 21.713 al Código Tributario. Modifica Circulares N°12 de 2021 y N°41 de 2021, modificada por la N°47 de 2022",Subdireccion Juridica,https://www.sii.cl/normativa_legislacion/circulares/2025/circu19.pdf,circular,Relevante,"La normativa aborda temas relacionados con el cumplimiento tributario, medios de pago electrónicos y el uso de documentos electrónicos, que son relevantes para el sistema de cumplimiento normativo automatizado de la fintech.",5.134,20170,50,20220,Relevante,Contiene 'pagos electrónicos' | Contiene 'cumplimiento tributario' | Contiene 'donaciones',2025,3,5
Resolución Exenta SII N° 55 del 30 de Abril del 2025,Imparte instrucciones sobre el procedimiento de fiscalización unificado del artículo 59 ter del código tributario.,Subdireccion De Fiscalizacion,https://www.sii.cl/normativa_legislacion/resoluciones/2025/reso55.pdf,resolucion,No Relevante,"La normativa se centra en el procedimiento de fiscalización unificado para grupos empresariales, lo cual no se relaciona directamente con los temas especificados como boletas, comprobantes electrónicos, registro de compra, registro de venta, cumplimiento tributario automatizado, inicio de actividades, medios de pago electrónicos, POS, operadores y administradores, comercio electrónico o PSP. No cumple reglas de negocio.",3.431,2251,91,2342,No Relevante,No se encontraron reglas de negocio,2025,0,0
Resolución Exenta SII N° 02 del 03 de Enero del 2025,Autoriza a proceder conforme al modelo de operación de contabilidad electrónica a los contribuyentes que señala,Subdireccion De Asistencia Al Contribuyente,https://www.sii.cl/normativa_legislacion/resoluciones/2025/reso2.pdf,resolucion,No Relevante,No cumple reglas de negocio.,1.962,2167,19,2186,No Relevante,No se encontraron reglas de negocio,2025,0,0
Circular N° 35 del 30 de Abril del 2025,"Imparte instrucciones sobre las modificaciones introducidas por la Ley N° 21.713 en el Código Tributario, en materia de notificaciones. Deja sin efecto la Circular N° 34 de 2015, modificada por Circulares N° 23 de 2016 y N° 12 de 2021",Subdireccion Juridica,https://www.sii.cl/normativa_legislacion/circulares/2025/circu35.pdf,circular,No Relevante,"No cumple reglas de negocio. La normativa se centra en las modificaciones en materia de notificaciones del Código Tributario, sin relación directa con los temas especificados como boletas, comprobantes electrónicos, registro de compra, registro de venta, cumplimiento tributario, inicio de actividades, medios de pago electrónicos, POS, operadores y administradores, comercio electrónico o PSP.",4.541,12228,85,12313,No Relevante,Contiene Artículo 68 del Código Tributario | Contiene 'inicio de actividades',2025,2,2
Resolución Exenta SII N° 50 del 24 de Abril del 2025,Autoriza acceso a los Servicios de Interoperabilidad Cartografía Digital “SII-MAPAS” a la Ilustre Municipalidad de Hualpén.,Subdireccion De Asistencia Al Contribuyente,https://www.sii.cl/normativa_legislacion/resoluciones/2025/reso50.pdf,resolucion,No Relevante,"La normativa se centra en autorizar el acceso a servicios de cartografía digital para una municipalidad, lo cual no está relacionado con boletas, comprobantes electrónicos, registros de compra o venta, cumplimiento tributario, inicio de actividades, medios de pago electrónicos, POS, operadores y administradores, comercio electrónico, o PSP. No cumple reglas de negocio.",3.287,2097,84,2181,No Relevante,No se encontraron reglas de negocio,2025,0,0
Circular N° 5 del 10 de Enero del 2025,"Operaciones de crédito de dinero. Valor de la Unidad de Fomento para los días comprendidos entre el 10 de enero de 2025 y el 9 de febrero de 2025, ambos inclusive.",Subdireccion Normativa,https://www.sii.cl/normativa_legislacion/circulares/2025/circu5.pdf,circular,No Relevante,"La normativa se refiere al valor de la Unidad de Fomento para un período específico, lo cual no está relacionado directamente con los temas definidos como relevantes para el sistema de cumplimiento normativo automatizado de la fintech. No cumple reglas de negocio.",2.708,927,61,988,No Relevante,No se encontraron reglas de negocio,2025,0,0
Resolución Exenta SII N° 12 del 17 de Enero del 2025,"Establece la obligación de entregar representación impresa o virtual de la boleta electrónica y del comprobante de pago electrónico, en las condiciones que se indican.",Subdireccion De Asistencia Al Contribuyente,https://www.sii.cl/normativa_legislacion/resoluciones/2025/reso12.pdf,resolucion,Relevante,"La normativa establece obligaciones relacionadas con la entrega de representaciones impresas o virtuales de boletas electrónicas y comprobantes de pago electrónicos, lo cual se relaciona directamente con los temas de boletas, comprobantes electrónicos y cumplimiento tributario.",2.657,1911,61,1972,Relevante,Contiene 'cumplimiento tributario' | Contiene 'boletas electrónicas',2025,2,3
Resolución Exenta SII N° 44 del 07 de Abril del 2025,Instruye sobre forma de documentar e identificar al pagador en las operaciones de venta conforme al artículo 92 ter del código tributario.,Subdireccion De Asistencia Al Contribuyente,https://www.sii.cl/normativa_legislacion/resoluciones/2025/reso44.pdf,resolucion,Relevante,"La normativa se relaciona directamente con la emisión de boletas electrónicas y el registro de ventas, temas que son relevantes para el sistema de cumplimiento normativo automatizado de la fintech. Además, establece requisitos específicos para documentar la identidad del pagador y el uso de medios de pago electrónicos, lo cual afecta el cumplimiento tributario.",3.352,1933,79,2012,Relevante,Contiene 'pagos electrónicos' | Contiene 'boletas electrónicas',2025,2,5
Resolución Exenta SII N° 78 del 26 de Junio del 2025,Autoriza acceso a los Servicios de Interoperabilidad Cartografía Digital “SII-MAPAS” a la Ilustre Municipalidad de Peñalolén.,Subdireccion De Asistencia Al Contribuyente,https://www.sii.cl/normativa_legislacion/resoluciones/2025/reso78.pdf,resolucion,No Relevante,"La normativa se centra en autorizar el acceso a servicios de cartografía digital para una municipalidad, lo cual no está relacionado con los temas específicos de cumplimiento tributario automatizado definidos, como boletas, comprobantes electrónicos, registros de compra y venta, medios de pago electrónicos, entre otros.",2.65,2103,72,2175,No Relevante,No se encontraron reglas de negocio,2025,0,0
Circular N° 31 del 17 de Abril del 2025,"Imparte instrucciones acerca de las normas incorporadas en el Código Tributario por las Leyes N° 21.713 y N° 21.716, en materia de medidas antielusión. Deja sin efecto la Circular N° 65 de 2015.",Subdireccion Juridica,https://www.sii.cl/normativa_legislacion/circulares/2025/circu31.pdf,circular,No Relevante,"No cumple reglas de negocio. La normativa se centra en medidas antielusión y procedimientos de fiscalización, sin abordar directamente los temas específicos de boletas, comprobantes electrónicos, registros de compra o venta, cumplimiento tributario automatizado, medios de pago electrónicos, POS, operadores y administradores, comercio electrónico o PSP.",4.01,16418,77,16495,No Relevante,No se encontraron reglas de negocio,2025,0,0
Resolución Exenta SII N° 76 del 26 de Junio del 2025,"Fija nóminas de agentes retenedores y de contribuyentes sujetos a retención, conforme a resolución Ex. SII N° 42, de 30 de abril de 2018, que dispuso el cambio de sujeto para el cumplimiento de IVA.",Subdireccion De Fiscalizacion,https://www.sii.cl/normativa_legislacion/resoluciones/2025/reso76.pdf,resolucion,No Relevante,"La normativa se centra en fijar nóminas de agentes retenedores y contribuyentes sujetos a retención para el cumplimiento del IVA, lo cual no modifica procesos generales que afecten el cumplimiento automatizado de la fintech en los temas especificados.",2.652,1378,63,1441,No Relevante,No se encontraron reglas de negocio,2025,0,0
Circular N° 15 del 10 de Febrero del 2025,"Operaciones de crédito de dinero. Valor de la Unidad de Fomento para los días comprendidos entre el 10 de febrero de 2025 y el 9 de marzo de 2025, ambos inclusive.",Subdireccion Normativa,https://www.sii.cl/normativa_legislacion/circulares/2025/circu15.pdf,circular,No Relevante,"La normativa se refiere al valor de la Unidad de Fomento para un período específico, lo cual no está relacionado con los temas definidos como relevantes para el sistema de cumplimiento normativo automatizado de la fintech. No cumple reglas de negocio.",2.615,1039,60,1099,No Relevante,No se encontraron reglas de negocio,2025,0,0
Resolución Exenta SII N° 31 del 13 de Marzo del 2025,Autoriza acceso a los Servicios de Interoperabilidad Cartografía Digital “SII-MAPAS” a la Ilustre Municipalidad de La Unión.,Subdireccion De Asistencia Al Contribuyente,https://www.sii.cl/normativa_legislacion/resoluciones/2025/reso31.pdf,resolucion,No Relevante,"La normativa se centra en autorizar el acceso a servicios de cartografía digital para una municipalidad, lo cual no está relacionado con boletas, comprobantes electrónicos, registros de compra o venta, cumplimiento tributario, inicio de actividades, medios de pago electrónicos, POS, operadores y administradores, comercio electrónico, o PSP. No cumple reglas de negocio.",3.509,2093,84,2177,No Relevante,No se encontraron reglas de negocio,2025,0,0
Circular N° 20 del 10 de Marzo del 2025,"Operaciones de crédito de dinero. Valor de la Unidad de Fomento para los días comprendidos entre el 10 de marzo de 2025 y el 9 de abril de 2025, ambos inclusive.",Subdireccion Normativa,https://www.sii.cl/normativa_legislacion/circulares/2025/circu20.pdf,circular,No Relevante,La normativa se refiere al valor de la Unidad de Fomento para un período específico y no trata explícitamente ninguno de los temas definidos como relevantes para el sistema de cumplimiento normativo automatizado de la fintech.,2.318,1161,54,1215,No Relevante,No se encontraron reglas de negocio,2025,0,0
Circular N° 8 del 28 de Enero del 2025,Informa tabla de cálculos de reajustes y multas para el mes de febrero 2025.,Subdireccion De Fiscalizacion,https://www.sii.cl/normativa_legislacion/circulares/2025/circu8.pdf,circular,No Relevante,"La normativa se centra en informar sobre tablas de cálculos de reajustes y multas, lo cual no se relaciona directamente con los temas definidos como relevantes para el sistema de cumplimiento normativo automatizado de la fintech.",2.322,1625,56,1681,No Relevante,No se encontraron reglas de negocio,2025,0,0
Resolución Exenta SII N° 58 del 06 de Mayo del 2025,"Establece parámetros objetivos para determinar la cooperación eficaz, en los términos del artículo 100 ter del código tributario",Subdireccion Juridica,https://www.sii.cl/normativa_legislacion/resoluciones/2025/reso58.pdf,resolucion,No Relevante,"La normativa se centra en establecer parámetros para la cooperación eficaz en el contexto de delitos tributarios, lo cual no se relaciona directamente con los temas específicos de boletas, comprobantes electrónicos, registros de compra o venta, cumplimiento tributario automatizado, inicio de actividades, medios de pago electrónicos, POS, operadores y administradores, comercio electrónico, o PSP.",3.338,1400,85,1485,No Relevante,No se encontraron reglas de negocio,2025,0,0
Resolución Exenta SII N° 41 del 03 de Abril del 2025,Dispone forma de suscripción de la declaración jurada exigida por las circulares n° 39 de 1991 y n° 27 de 2007.,Subdireccion De Fiscalizacion,https://www.sii.cl/normativa_legislacion/resoluciones/2025/reso41.pdf,resolucion,No Relevante,"La normativa se centra en la forma de suscripción de declaraciones juradas relacionadas con importaciones y el impuesto de timbres y estampillas, sin abordar directamente temas como boletas, comprobantes electrónicos, registros de compra o venta, cumplimiento tributario automatizado, medios de pago electrónicos, POS, comercio electrónico, o PSP. No cumple reglas de negocio.",3.492,1554,84,1638,No Relevante,No se encontraron reglas de negocio,2025,0,0
Resolución Exenta SII N° 36 del 20 de Marzo del 2025,Aprueba convenio entre el Servicio de Impuestos Internos y la Dirección Nacional del Servicio Civil.,Subdireccion Desarrollo De Las Personas,https://www.sii.cl/normativa_legislacion/resoluciones/2025/reso36.pdf,resolucion,No Relevante,"La normativa se centra en la aprobación de un convenio entre el Servicio de Impuestos Internos y la Dirección Nacional del Servicio Civil para desarrollar programas de formación y capacitación. No aborda temas relacionados con boletas, comprobantes electrónicos, registros de compra o venta, cumplimiento tributario, inicio de actividades, medios de pago electrónicos, POS, operadores y administradores, comercio electrónico, o PSP.",3.383,763,90,853,No Relevante,No se encontraron reglas de negocio,2025,0,0
Resolución Exenta SII N° 16 del 30 de Enero del 2025,Delega facultad que indica en la funcionaria que se individualiza,Subdireccion Juridica,https://www.sii.cl/normativa_legislacion/resoluciones/2025/reso16.pdf,resolucion,No Relevante,La normativa se refiere a la delegación de facultades para absolver posiciones en un juicio específico y no trata sobre ninguno de los temas definidos como relevantes para el sistema de cumplimiento normativo automatizado de la fintech.,2.541,876,56,932,No Relevante,No se encontraron reglas de negocio,2025,0,0
Resolución Exenta SII N° 39 del 27 de Marzo del 2025,"Actualiza nómina de bienes afectos contenida en la Resolución Ex. N° 127 de 2024, según lo establecido en el artículo 9 de la Ley N° 21.420.",Subdireccion De Avaluaciones,https://www.sii.cl/normativa_legislacion/resoluciones/2025/reso39.pdf,resolucion,No Relevante,"No cumple reglas de negocio. La normativa se centra en la actualización de una nómina de bienes afectos a un impuesto específico, sin relación directa con boletas, comprobantes electrónicos, registros de compra o venta, cumplimiento tributario automatizado, medios de pago electrónicos, POS, operadores y administradores, comercio electrónico o PSP.",3.167,978,79,1057,No Relevante,No se encontraron reglas de negocio,2025,0,0
Circular N° 4 del 09 de Enero del 2025,Tablas de impuesto único de segunda categoría para el mes de febrero de 2025 e información adicional relacionada con dicho tributo,Subdireccion Normativa,https://www.sii.cl/normativa_legislacion/circulares/2025/circu4.pdf,circular,No Relevante,"La normativa se centra en las tablas de impuesto único de segunda categoría y aspectos relacionados con dicho tributo, sin abordar temas como boletas, comprobantes electrónicos, registros de compra o venta, cumplimiento tributario automatizado, medios de pago electrónicos, POS, comercio electrónico, o PSP, que son los criterios definidos para clasificar como relevante.",3.478,2796,81,2877,No Relevante,No se encontraron reglas de negocio,2025,0,0
Resolución Exenta SII N° 32 del 13 de Marzo del 2025,Autoriza acceso a los Servicios de Interoperabilidad Cartografía Digital “SII-MAPAS” a la Ilustre Municipalidad de Chile Chico.,Subdireccion De Asistencia Al Contribuyente,https://www.sii.cl/normativa_legislacion/resoluciones/2025/reso32.pdf,resolucion,No Relevante,"La normativa se centra en autorizar el acceso a servicios de cartografía digital para una municipalidad, lo cual no está relacionado con boletas, comprobantes electrónicos, registros de compra o venta, cumplimiento tributario, inicio de actividades, medios de pago electrónicos, POS, operadores y administradores, comercio electrónico, o PSP. No cumple reglas de negocio.",3.477,2093,84,2177,No Relevante,No se encontraron reglas de negocio,2025,0,0
Circular N° 32 del 17 de Abril del 2025,"Refunde e imparte instrucciones en materia de término de giro, incorporando las modificaciones introducidas al Código Tributario por la Ley N°21.713, en lo pertinente. Deroga parcialmente la Circular N°66, de 1998; Circular N° 30, de 10 de mayo 2016 y Circular N°41, de 2 de julio de 2021, en la parte que se indica.",Subdireccion Juridica,https://www.sii.cl/normativa_legislacion/circulares/2025/circu32.pdf,circular,Relevante,"La normativa se refiere al término de giro y al aviso que debe realizarse a través de la carpeta tributaria electrónica, lo cual está relacionado con el cumplimiento tributario y el inicio de actividades, temas directamente relevantes para el sistema de cumplimiento normativo automatizado de la fintech.",3.345,4731,67,4798,Relevante,Contiene Artículo 68 del Código Tributario | Contiene 'operadores' | Contiene 'inicio de actividades',2025,3,5
Resolución Exenta SII N° 75 del 26 de Junio del 2025,Fija tasas de interés a aplicar por mora en el pago de todo o parte de impuestos o contribuciones para los semestres que se indican,Subdireccion De Fiscalizacion,https://www.sii.cl/normativa_legislacion/resoluciones/2025/reso75.pdf,resolucion,No Relevante,"La normativa se centra en la fijación de tasas de interés por mora en el pago de impuestos, lo cual no se relaciona directamente con los temas especificados como relevantes para el sistema de cumplimiento normativo automatizado de la fintech.",2.557,3021,60,3081,No Relevante,No se encontraron reglas de negocio,2025,0,0
Resolución Exenta SII N° 63 del 22 de Mayo del 2025,"Autoriza a Banco Santander Chile, Rut n° 97.036.000-k, para retener y enterar en arcas fiscales el impuesto al valor agregado según se indica.",Subdireccion De Fiscalizacion,https://www.sii.cl/normativa_legislacion/resoluciones/2025/reso63.pdf,resolucion,No Relevante,"No cumple reglas de negocio. La normativa se centra en autorizar a Banco Santander Chile como agente retenedor de IVA en un modelo de negocio específico, lo cual no se relaciona directamente con los temas definidos como relevantes para el sistema de cumplimiento normativo automatizado de la fintech.",3.241,1743,69,1812,No Relevante,No se encontraron reglas de negocio,2025,0,0
Resolución Exenta SII N° 07 del 15 de Enero del 2025,Fija lista de valores de vehículos motorizados para los fines que señala.,Subdireccion De Avaluaciones,https://www.sii.cl/normativa_legislacion/resoluciones/2025/reso7.pdf,resolucion,No Relevante,"La normativa se centra en fijar una lista de valores de vehículos motorizados para el cálculo del impuesto de circulación, lo cual no está relacionado con los temas de boletas, comprobantes electrónicos, registros de compra o venta, cumplimiento tributario automatizado, medios de pago electrónicos, POS, operadores y administradores, comercio electrónico, o PSP. No cumple reglas de negocio.",3.426,1396,89,1485,No Relevante,No se encontraron reglas de negocio,2025,0,0
Circular N° 28 del 10 de Abril del 2025,"Operaciones de crédito de dinero. Valor de la Unidad de Fomento para los días comprendidos entre el 10 de abril de 2025 y el 9 de mayo de 2025, ambos inclusive.",Subdireccion Normativa,https://www.sii.cl/normativa_legislacion/circulares/2025/circu28.pdf,circular,No Relevante,"La normativa se refiere al valor de la Unidad de Fomento para un período específico, lo cual no está relacionado con los temas definidos como relevantes para el sistema de cumplimiento normativo automatizado de la fintech.",2.689,1282,54,1336,No Relevante,No se encontraron reglas de negocio,2025,0,0
Circular N° 41 del 09 de Mayo del 2025,"Operaciones de crédito de dinero. Valor de la Unidad de Fomento para los días comprendidos entre el 10 de mayo de 2025 y el 9 de junio de 2025, ambos inclusive.",Subdireccion Normativa,https://www.sii.cl/normativa_legislacion/circulares/2025/circu41.pdf,circular,No Relevante,"La normativa se refiere al valor de la Unidad de Fomento para un período específico, lo cual no está relacionado con los temas definidos como relevantes para el sistema de cumplimiento normativo automatizado de la fintech. No cumple reglas de negocio.",2.915,1406,60,1466,No Relevante,No se encontraron reglas de negocio,2025,0,0
Resolución Exenta SII N° 15 del 30 de Enero del 2025,Identifica personal que señala el Artículo 14 del DS N°661/2024 que aprueba reglamento de compras públicas.,Subdireccion De Administracion,https://www.sii.cl/normativa_legislacion/resoluciones/2025/reso15.pdf,resolucion,No Relevante,"La normativa se centra en la identificación de personal involucrado en procedimientos de compras públicas y no aborda ninguno de los temas específicos relacionados con el cumplimiento tributario automatizado de una fintech, como boletas, comprobantes electrónicos, registros de compra o venta, medios de pago electrónicos, entre otros. No cumple reglas de negocio.",3.334,5396,77,5473,No Relevante,No se encontraron reglas de negocio,2025,0,0
Resolución Exenta SII N° 43 del 04 de Abril del 2025,Regula procedimiento para el ejercicio de la facultad de acceso a la información bancaria de que tratan los artículos 62 y 62 bis del código tributario.,Subdireccion De Fiscalizacion,https://www.sii.cl/normativa_legislacion/resoluciones/2025/reso43.pdf,resolucion,No Relevante,"La normativa se centra en el procedimiento para el acceso a la información bancaria por parte del Servicio de Impuestos Internos (SII) para verificar la veracidad e integridad de las declaraciones de impuestos. No aborda directamente temas como boletas, comprobantes electrónicos, registros de compra o venta, cumplimiento tributario automatizado, medios de pago electrónicos, POS, comercio electrónico, o PSP, que son los criterios definidos para clasificar una normativa como relevante para el sistema de cumplimiento normativo automatizado de la fintech.",5.67,2760,116,2876,No Relevante,No se encontraron reglas de negocio,2025,0,0
Resolución Exenta SII N° 35 del 20 de Marzo del 2025,Autoriza acceso a los Servicios de Interoperabilidad Cartografía Digital “SII-MAPAS” a la Ilustre Municipalidad de El Quisco.,Subdireccion De Asistencia Al Contribuyente,https://www.sii.cl/normativa_legislacion/resoluciones/2025/reso35.pdf,resolucion,No Relevante,"La normativa se centra en autorizar el acceso a servicios de cartografía digital para una municipalidad, lo cual no está relacionado con boletas, comprobantes electrónicos, registros de compra o venta, cumplimiento tributario, inicio de actividades, medios de pago electrónicos, POS, operadores y administradores, comercio electrónico, o PSP. No cumple reglas de negocio.",5.419,2096,84,2180,No Relevante,No se encontraron reglas de negocio,2025,0,0
Resolución Exenta SII N° 42 del 03 de Abril del 2025,Fija procedimiento simplificado para otorgar rut a contribuyentes no domiciliados ni residentes en chile,Subdireccion De Asistencia Al Contribuyente,https://www.sii.cl/normativa_legislacion/resoluciones/2025/reso42.pdf,resolucion,No Relevante,"La normativa se centra en el procedimiento simplificado para otorgar RUT a contribuyentes no domiciliados ni residentes en Chile, lo cual no se relaciona directamente con los temas especificados como boletas, comprobantes electrónicos, registro de compra, registro de venta, cumplimiento tributario, inicio de actividades, medios de pago electrónicos, POS, operadores y administradores, comercio electrónico o PSP.",4.186,4251,92,4343,No Relevante,Contiene Artículo 68 del Código Tributario | Contiene 'inicio de actividades',2025,2,2
Circular N° 13 del 07 de Febrero del 2025,"Imparte instrucciones sobre el artículo 100 sexies del Código Tributario, incorporado por la Ley N° 21.713.",Subdireccion Juridica,https://www.sii.cl/normativa_legislacion/circulares/2025/circu13.pdf,circular,No Relevante,"La normativa se centra en el procedimiento de autodenuncia para contribuyentes que detecten diferencias de impuestos relacionadas con posibles delitos tributarios. No aborda directamente temas como boletas, comprobantes electrónicos, registros de compra o venta, cumplimiento tributario automatizado, medios de pago electrónicos, POS, operadores y administradores, comercio electrónico o PSP.",3.614,2322,82,2404,No Relevante,No se encontraron reglas de negocio,2025,0,0
Resolución Exenta SII N° 04 del 09 de Enero del 2025,Declara término de giro según lo dispuesto en el inciso final del Artículo 69 del Código Tributario.,Subdireccion De Asistencia Al Contribuyente,https://www.sii.cl/normativa_legislacion/resoluciones/2025/reso4.pdf,resolucion,No Relevante,"La normativa se centra en el término de giro de contribuyentes que no han presentado declaraciones mensuales de impuestos durante un período prolongado. No aborda directamente ninguno de los temas específicos relacionados con el cumplimiento tributario automatizado de una fintech, como boletas, comprobantes electrónicos, registros de compra o venta, medios de pago electrónicos, POS, comercio electrónico, o PSP.",4.309,1029,88,1117,No Relevante,No se encontraron reglas de negocio,2025,0,0
Circular N° 36 del 30 de Abril del 2025,Imparte instrucciones sobre las normas incorporadas por la Ley N° 21.713 en el Código Tributario en materia de cooperación eficaz y denunciante anónimo.,Subdireccion Juridica,https://www.sii.cl/normativa_legislacion/circulares/2025/circu36.pdf,circular,No Relevante,"No cumple reglas de negocio. La normativa se centra en la cooperación eficaz y el denunciante anónimo en el contexto de delitos tributarios, sin abordar temas directamente relacionados con boletas, comprobantes electrónicos, registros de compra o venta, cumplimiento tributario automatizado, medios de pago electrónicos, POS, operadores y administradores, comercio electrónico o PSP.",4.652,2043,83,2126,No Relevante,No se encontraron reglas de negocio,2025,0,0
Circular N° 38 del 30 de Abril del 2025,"Imparte instrucciones sobre la obtención de rol único tributario y aviso de inicio de actividades. Deja sin efecto las Circulares N° 31 de 2007 y N° 7 de 2008. Complementa y modifica las Circulares N° 31 de 2014, N° 58 de 2015, N° 41 de 2021 y N° 24 de 2024.",Subdireccion De Asistencia Al Contribuyente,https://www.sii.cl/normativa_legislacion/circulares/2025/circu38.pdf,circular,Relevante,"La normativa es relevante ya que regula el aviso de inicio de actividades, un proceso fundamental para el cumplimiento tributario de los contribuyentes. Además, establece obligaciones para administradores, operadores y proveedores de medios de pago electrónicos y plataformas digitales, quienes deben exigir la acreditación del inicio de actividades, lo cual impacta directamente en el cumplimiento normativo automatizado de una fintech.",3.732,8994,87,9081,Relevante,Contiene Artículo 68 del Código Tributario | Contiene 'operadores' | Contiene 'cumplimiento tributario' | Contiene 'inicio de actividades',2025,4,6
Resolución Exenta SII N° 21 del 21 de Febrero del 2025,"IMPARTE INSTRUCCIONES SOBRE PROCEDIMIENTO DE DESIGNACIÓN DE APODERADO DE GRUPO EMPRESARIAL, DE ACUERDO CON EL N° 14 DEL ART. 8 DEL CODIGO TRIBUTARIO",Subdireccion De Fiscalizacion,https://www.sii.cl/normativa_legislacion/resoluciones/2025/reso21.pdf,resolucion,No Relevante,"La normativa se centra en el procedimiento de designación de un apoderado de grupo empresarial para coordinar con el Servicio de Impuestos Internos (SII) en temas de colaboración y cumplimiento tributario. No aborda directamente ninguno de los temas específicos listados como relevantes para el sistema de cumplimiento normativo automatizado de la fintech, como boletas, comprobantes electrónicos, registros de compra o venta, medios de pago electrónicos, POS, comercio electrónico, o PSP.",3.524,1533,107,1640,Relevante,Contiene Artículo 68 del Código Tributario | Contiene 'cumplimiento tributario' | Contiene 'inicio de actividades',2025,3,3
Resolución Exenta SII N° 11 del 17 de Enero del 2025,Dispone cambio de sujeto de derecho del IVA en las ventas de Berries. Deja sin efecto las Resoluciones Ex. SII N° 55 de 2005 y N° 58 de 2006.,Subdireccion De Fiscalizacion,https://www.sii.cl/normativa_legislacion/resoluciones/2025/reso11.pdf,resolucion,No Relevante,"La normativa se centra en el cambio de sujeto del IVA en las ventas de berries, lo cual no se relaciona directamente con los temas especificados como boletas, comprobantes electrónicos, registro de compra, registro de venta, cumplimiento tributario, inicio de actividades, medios de pago electrónicos, POS, operadores y administradores, comercio electrónico, o PSP. No cumple reglas de negocio.",7.066,3088,90,3178,No Relevante,Contiene 'inicio de actividades',2025,1,1
Resolución Exenta SII N° 03 del 07 de Enero del 2025,"Autoriza como receptor electrónico de documentos tributarios electrónicos a organismo público que indica. Modifica la Resolución N°80, de 2024.",Subdireccion De Asistencia Al Contribuyente,https://www.sii.cl/normativa_legislacion/resoluciones/2025/reso3.pdf,resolucion,No Relevante,"La normativa se centra en autorizar a un organismo público como receptor electrónico de documentos tributarios electrónicos, lo cual no modifica procesos generales que afecten el cumplimiento automatizado de la fintech. No cumple reglas de negocio.",6.642,762,56,818,No Relevante,No se encontraron reglas de negocio,2025,0,0
Resolución Exenta SII N° 05 del 09 de Enero del 2025,"Establece forma y plazo de presentación de la declaración jurada para información de abonos recibidos, conforme al Artículo 85 ter del Código Tributario.",Subdireccion De Fiscalizacion,https://www.sii.cl/normativa_legislacion/resoluciones/2025/reso5.pdf,resolucion,No Relevante,No cumple reglas de negocio.,1.861,2132,19,2151,No Relevante,No se encontraron reglas de negocio,2025,0,0
Resolución Exenta SII N° 67 del 12 de Junio del 2025,Establece medidas para asegurar el cumplimiento del deber de reserva de conformidad con el artículo 206 del código tributario,Subdireccion Juridica,https://www.sii.cl/normativa_legislacion/resoluciones/2025/reso67.pdf,resolucion,No Relevante,"La normativa se centra en el deber de reserva tributaria y las sanciones asociadas a su incumplimiento, sin abordar temas relacionados con boletas, comprobantes electrónicos, registros de compra o venta, cumplimiento tributario automatizado, inicio de actividades, medios de pago electrónicos, POS, operadores y administradores, comercio electrónico o PSP. No cumple reglas de negocio.",3.765,2354,87,2441,No Relevante,No se encontraron reglas de negocio,2025,0,0
Resolución Exenta SII N° 20 del 20 de Febrero del 2025,"AUTORIZA A SERVICIOS DE DESARROLLO NUTRE SPA., PARA EMITIR BOLETAS DE SERVICIOS DE INGRESO A ESPECTÁCULOS PÚBLICOS, POR CUENTA DE TERCEROS, EN LA FORMA Y CONDICIONES QUE INDICA.",Subdireccion De Asistencia Al Contribuyente,https://www.sii.cl/normativa_legislacion/resoluciones/2025/reso20.pdf,resolucion,Relevante,"La normativa autoriza la emisión de boletas de servicios en formato electrónico, lo cual se relaciona directamente con el tema de ""boletas"" y ""comprobantes electrónicos"", ambos relevantes para el sistema de cumplimiento normativo automatizado de la fintech.",3.151,1002,63,1065,No Relevante,Contiene 'boletas electrónicas',2025,1,2
Resolución Exenta SII N° 14 del 30 de Enero del 2025,"Autoriza a empresa de correos de chile, Rut N° 60.503.000-9, para retener y enterar en arcas fiscales el impuesto al valor agregado según se indica.",Subdireccion De Fiscalizacion,https://www.sii.cl/normativa_legislacion/resoluciones/2025/reso14.pdf,resolucion,No Relevante,"La normativa se centra en autorizar a la empresa de Correos de Chile para actuar como agente retenedor del IVA en las comisiones pagadas a sus agenciados. No se relaciona directamente con boletas, comprobantes electrónicos, registros de compra o venta, cumplimiento tributario automatizado, inicio de actividades, medios de pago electrónicos, POS, operadores y administradores, comercio electrónico, o PSP.",3.785,1757,95,1852,No Relevante,No se encontraron reglas de negocio,2025,0,0
Circular N° 27 del 10 de Abril del 2025,Tablas de impuesto único de segunda categoría para el mes de mayo de 2025 e información adicional relacionada con dicho tributo.,Subdireccion Normativa,https://www.sii.cl/normativa_legislacion/circulares/2025/circu27.pdf,circular,No Relevante,"La normativa se centra en las tablas de impuesto único de segunda categoría y no aborda temas relacionados con boletas, comprobantes electrónicos, registros de compra o venta, cumplimiento tributario automatizado, inicio de actividades, medios de pago electrónicos, POS, operadores y administradores, comercio electrónico o PSP.",2.889,2667,72,2739,No Relevante,No se encontraron reglas de negocio,2025,0,0
Circular N° 29 del 10 de Abril del 2025,"Informa porcentaje de reajuste a aplicar a los impuestos anuales a la renta a declarar y pagar en el año tributario 2025, de acuerdo con lo dispuesto en el artículo 72 de la Ley sobre Impuesto a la Renta.",Subdireccion Normativa,https://www.sii.cl/normativa_legislacion/circulares/2025/circu29.pdf,circular,No Relevante,"No cumple reglas de negocio. La normativa se refiere al porcentaje de reajuste a aplicar a los impuestos anuales a la renta, lo cual no está relacionado con los temas específicos definidos para clasificar como relevante, tales como boletas, comprobantes electrónicos, registro de compra, registro de venta, cumplimiento tributario automatizado, entre otros.",3.207,688,81,769,No Relevante,No se encontraron reglas de negocio,2025,0,0
Circular N° 16 del 10 de Febrero del 2025,Informa datos relacionados con la aplicación del sistema de corrección monetaria. Cotizaciones de monedas de oro al 31.12.2024. Complementa Circular N° 9 de 2025.,Subdireccion Normativa,https://www.sii.cl/normativa_legislacion/circulares/2025/circu16.pdf,circular,No Relevante,"La normativa se centra en la aplicación del sistema de corrección monetaria y las cotizaciones de monedas de oro, lo cual no está relacionado con los temas definidos como relevantes para el sistema de cumplimiento normativo automatizado de la fintech. No cumple reglas de negocio.",3.024,687,66,753,No Relevante,No se encontraron reglas de negocio,2025,0,0
Resolución Exenta SII N° 33 del 13 de Marzo del 2025,Establece escala de tasas conforme al precio internacional de los minerales que se indican y para los efectos que se señalan.,Subdireccion Normativa,https://www.sii.cl/normativa_legislacion/resoluciones/2025/reso33.pdf,resolucion,No Relevante,"La normativa se centra en establecer escalas de tasas para el impuesto sobre la renta de pequeños mineros artesanales, basadas en el precio internacional de minerales como el oro y la plata. No aborda temas relacionados con boletas, comprobantes electrónicos, registros de compra o venta, cumplimiento tributario automatizado, medios de pago electrónicos, POS, comercio electrónico, o PSP, que son los criterios de relevancia definidos.",3.693,1712,97,1809,No Relevante,No se encontraron reglas de negocio,2025,0,0
Circular N° 33 del 17 de Abril del 2025,"Imparte instrucciones sobre las modificaciones introducidas por la Ley N° 21.713 a los números 4, 6, 9, 10, 12, 17, 22 y 27 del artículo 97 del Código Tributario. Modifica las Circulares N° 63 de 2001 y N° 34 de 2022.",Subdireccion Juridica,https://www.sii.cl/normativa_legislacion/circulares/2025/circu33.pdf,circular,Relevante,"La normativa aborda temas relacionados con boletas, comprobantes electrónicos, cumplimiento tributario, y comercio electrónico, al modificar sanciones y procedimientos que afectan directamente la emisión y uso de documentos tributarios electrónicos, así como el cumplimiento de obligaciones tributarias en el contexto de comercio electrónico.",4.716,12118,67,12185,Relevante,Contiene Artículo 68 del Código Tributario | Contiene 'comercio electrónico' | Contiene 'inicio de actividades' | Contiene 'donaciones',2025,4,6
Resolución Exenta SII N° 74 del 26 de Junio del 2025,"Actualiza la nómina de bienes afectos de la Res. Ex. N°127 año 2024, según lo establecido en el artículo 9 de la ley N° 21.420, modificada por el artículo 5° de la ley 21.713",Subdireccion De Avaluaciones,https://www.sii.cl/normativa_legislacion/resoluciones/2025/reso74.pdf,resolucion,No Relevante,"No cumple reglas de negocio. La normativa se centra en la actualización de una nómina de bienes afectos a un impuesto específico, sin relación directa con boletas, comprobantes electrónicos, registros de compra o venta, cumplimiento tributario automatizado, medios de pago electrónicos, POS, operadores y administradores, comercio electrónico o PSP.",3.859,1022,79,1101,No Relevante,No se encontraron reglas de negocio,2025,0,0
Resolución Exenta SII N° 08 del 15 de Enero del 2025,"Fija tablas de valores de vehículos de transporte terrestre de carga o pasajeros, incluido su remolque, acoplado o carro similar.",Subdireccion De Avaluaciones,https://www.sii.cl/normativa_legislacion/resoluciones/2025/reso8.pdf,resolucion,No Relevante,"La normativa se centra en fijar tablas de valores para vehículos de transporte terrestre, lo cual no se relaciona directamente con los temas de boletas, comprobantes electrónicos, registros de compra o venta, cumplimiento tributario, inicio de actividades, medios de pago electrónicos, POS, operadores y administradores, comercio electrónico, o PSP. No cumple reglas de negocio.",3.284,1522,85,1607,No Relevante,No se encontraron reglas de negocio,2025,0,0
Circular N° 25 del 03 de Abril del 2025,"Instruye sobre el revalúo de bienes raíces ubicados en comunas o sectores de éstas en que se produzca una ampliación en el límite urbano de un instrumento de planificación territorial, en el período comprendido entre dos reavalúos nacionales.",Subdireccion De Avaluaciones,https://www.sii.cl/normativa_legislacion/circulares/2025/circu25.pdf,circular,No Relevante,"La normativa se centra en el revalúo de bienes raíces en relación con la ampliación de límites urbanos y no aborda ninguno de los temas específicos relacionados con el cumplimiento tributario automatizado de una fintech, como boletas, comprobantes electrónicos, registros de compra o venta, medios de pago electrónicos, POS, comercio electrónico, o PSP.",3.43,4137,82,4219,No Relevante,Contiene 'cumplimiento tributario',2025,1,1
Circular N° 2 del 02 de Enero del 2025,"Imparte instrucciones sobre la información que las entidades financieras deben reportar conforme al nuevo artículo 85 ter del Código Tributario, incorporado por la Ley N° 21.713.",Subdireccion Juridica,https://www.sii.cl/normativa_legislacion/circulares/2025/circu2.pdf,circular,Relevante,"La normativa se relaciona directamente con el cumplimiento tributario, ya que establece obligaciones de reporte para las entidades financieras sobre los abonos en cuentas, lo cual es relevante para el sistema de cumplimiento normativo automatizado de la fintech. Además, menciona la necesidad de acreditar el inicio de actividades, lo cual también es un tema relevante según las reglas de negocio.",3.894,5624,84,5708,Relevante,Contiene Artículo 68 del Código Tributario | Contiene 'operadores' | Contiene 'inicio de actividades',2025,3,5
Circular N° 39 del 30 de Abril del 2025,Imparte instrucciones sobre las modificaciones introducidas por la Ley N° 21.713 a la Ley sobre Impuesto a las Ventas y Servicios en materia de Impuesto al Valor Agregado en las ventas de bienes muebles ubicados en el extranjero.,Subdireccion Normativa Impuestos Indirectos,https://www.sii.cl/normativa_legislacion/circulares/2025/circu39.pdf,circular,Relevante,"La normativa aborda temas relacionados con el comercio electrónico, operadores de plataformas digitales y el cumplimiento tributario en la venta remota de bienes situados en el extranjero, lo cual es relevante para el sistema de cumplimiento normativo automatizado de la fintech.",3.687,8305,61,8366,Relevante,Contiene 'comercio electrónico' | Contiene 'inicio de actividades',2025,2,4
Circular N° 37 del 30 de Abril del 2025,Imparte instrucciones sobre las modificaciones incorporadas por la Ley N° 21.713 en el artículo 9° del Código Tributario. Modifica la Circular N° 4 de 2022.,Subdireccion Juridica,https://www.sii.cl/normativa_legislacion/circulares/2025/circu37.pdf,circular,No Relevante,"La normativa se centra en las instrucciones sobre la representación de contribuyentes ante el Servicio de Impuestos Internos (SII), incluyendo la comparecencia y el mandato para realizar trámites tributarios. No aborda directamente temas como boletas, comprobantes electrónicos, registros de compra o venta, cumplimiento tributario automatizado, medios de pago electrónicos, POS, comercio electrónico, o PSP, que son los criterios definidos para clasificar como relevante.",4.145,5348,102,5450,No Relevante,Contiene Artículo 68 del Código Tributario,2025,1,1
Resolución Exenta SII N° 01 del 02 de Enero del 2025,Crea registro de pequeños artesanos exonerados de IVA en las ventas de productos que elaboren con materias primas.,Subdireccion Normativa,https://www.sii.cl/normativa_legislacion/resoluciones/2025/reso1.pdf,resolucion,No Relevante,"La normativa se centra en la creación de un registro para pequeños artesanos exonerados de IVA y establece criterios para su inscripción y mantenimiento en dicho registro. No aborda directamente temas relacionados con boletas, comprobantes electrónicos, registros de compra o venta, cumplimiento tributario automatizado, medios de pago electrónicos, POS, operadores y administradores, comercio electrónico o PSP.",4.187,1689,86,1775,No Relevante,No se encontraron reglas de negocio,2025,0,0
Resolución Exenta SII N° 57 del 05 de Mayo del 2025,Otorga condonación sobre los intereses y multas infraccionales en los casos que se indican,Subdireccion De Fiscalizacion,https://www.sii.cl/normativa_legislacion/resoluciones/2025/reso57.pdf,resolucion,No Relevante,"La normativa se centra en la condonación de intereses y multas por retrasos en la declaración de impuestos debido a problemas técnicos en la plataforma del SII. No aborda temas relacionados con boletas, comprobantes electrónicos, registros de compra o venta, cumplimiento tributario automatizado, medios de pago electrónicos, POS, operadores, comercio electrónico o PSP.",3.523,1188,83,1271,No Relevante,Contiene 'cumplimiento tributario',2025,1,1
Resolución Exenta SII N° 24 del 21 de Febrero del 2025,"MODIFICA RESOLUCIÓN EX. SII N°54 DE 02 MAYO DE 2024, REEMPLAZANDO ORDEN DE SUBROGANTES DE LA SECRETARÍA GENERAL DEL SERVICIO DE IMPUESTOS INTERNOS",Subdireccion De Asistencia Al Contribuyente,https://www.sii.cl/normativa_legislacion/resoluciones/2025/reso24.pdf,resolucion,No Relevante,"La normativa se centra en la modificación del orden de subrogantes de la Secretaría General del Servicio de Impuestos Internos, lo cual es un asunto de administración interna y no afecta directamente los temas de cumplimiento tributario automatizado relevantes para la fintech, como boletas, comprobantes electrónicos, registros de compra o venta, medios de pago electrónicos, entre otros.",3.087,935,85,1020,No Relevante,No se encontraron reglas de negocio,2025,0,0
Resolución Exenta SII N° 26 del 24 de Febrero del 2025,"AUTORIZA A EDS TICKETS SPA., PARA EMITIR BOLETAS DE SERVICIOS DE INGRESO A ESPECTÁCULOS PÚBLICOS, POR CUENTA DE TERCEROS, EN LA FORMA Y CONDICIONES QUE INDICA.",Subdireccion De Asistencia Al Contribuyente,https://www.sii.cl/normativa_legislacion/resoluciones/2025/reso26.pdf,resolucion,Relevante,"La normativa autoriza a EDS Tickets SPA para emitir boletas de servicios en formato electrónico, lo cual se relaciona directamente con el tema de ""boletas"" y ""comprobantes electrónicos"", ambos relevantes para el sistema de cumplimiento normativo automatizado de la fintech.",2.964,990,67,1057,No Relevante,Contiene 'boletas electrónicas',2025,1,2
Circular N° 26 del 03 de Abril del 2025,Imparte instrucciones sobre las modificaciones introducidas por la Ley N° 21.641 al artículo 66 del Código Tributario y nuevo artículo 66 bis del mismo código. Complementa Circulares N° 31 de 2007 y N° 31 de 2014.,Subdireccion Juridica,https://www.sii.cl/normativa_legislacion/circulares/2025/circu26.pdf,circular,No Relevante,No cumple reglas de negocio.,2.148,4940,19,4959,No Relevante,Contiene Artículo 68 del Código Tributario,2025,1,1
Resolución Exenta SII N° 22 del 21 de Febrero del 2025,"INSTRUYE SOBRE LA EJECUCIÓN DE PROCEDIMIENTOS DE FISCALIZACIÓN, REVISIÓN O DE OTRO TIPO EN EL MARCO DE LO ESTABLECIDO POR LOS ARTÍCULOS 6 LETRA B Nº 11 Y 65 TER DEL CÓDIGO TRIBUTARIO.",Subdireccion De Fiscalizacion,https://www.sii.cl/normativa_legislacion/resoluciones/2025/reso22.pdf,resolucion,No Relevante,"La normativa se centra en procedimientos de fiscalización y revisión tributaria, pero no aborda directamente temas como boletas, comprobantes electrónicos, registros de compra o venta, cumplimiento tributario automatizado, medios de pago electrónicos, POS, comercio electrónico, o PSP. No cumple reglas de negocio.",3.777,2720,71,2791,No Relevante,No se encontraron reglas de negocio,2025,0,0
Resolución Exenta SII N° 18 del 13 de Febrero del 2025,Aprueba Adendum al Convenio de Intercambio de Información y Colaboración entre el Instituto de Previsión Social y el Servicio de Impuestos Internos.,Subdireccion De Asistencia Al Contribuyente,https://www.sii.cl/normativa_legislacion/resoluciones/2025/reso18.pdf,resolucion,Relevante,"La normativa es relevante porque se refiere a la información de boletas de prestación de servicios de terceros electrónicas (BTE) y boletas de honorarios electrónicas (BHE), que son tipos de comprobantes electrónicos. Además, la normativa menciona el intercambio de información sobre ingresos por honorarios, lo cual está relacionado con el cumplimiento tributario.",3.611,1917,83,2000,No Relevante,No se encontraron reglas de negocio,2025,0,0
Circular N° 1 del 02 de Enero del 2025,Imparte instrucciones sobre normas del Código Tributario en materia de aplicación de reajustes e intereses moratorios tras las modificaciones introducidas por la Ley N° 21.713. Modifica la Circular N° 9 de 1988.,Subdireccion Juridica,https://www.sii.cl/normativa_legislacion/circulares/2025/circu1.pdf,circular,No Relevante,"La normativa se centra en la aplicación de reajustes e intereses moratorios en el contexto del Código Tributario, sin abordar directamente temas como boletas, comprobantes electrónicos, registros de compra o venta, cumplimiento tributario automatizado, medios de pago electrónicos, POS, operadores y administradores, comercio electrónico o PSP. No cumple reglas de negocio.",4.311,5111,82,5193,No Relevante,No se encontraron reglas de negocio,2025,0,0
Resolución Exenta SII N° 53 del 29 de Abril del 2025,Instruye sobre la obligación de entregar la representación impresa o virtual de la boleta electrónica y/o comprobante de pago electrónico. Deja sin efecto resolución Ex. N° 12 de 2025.,Subdireccion De Asistencia Al Contribuyente,https://www.sii.cl/normativa_legislacion/resoluciones/2025/reso53.pdf,resolucion,Relevante,"La normativa se relaciona directamente con la obligación de entregar la representación impresa o virtual de la boleta electrónica y/o comprobante de pago electrónico, lo cual está directamente vinculado con los temas de boletas, comprobantes electrónicos, medios de pago electrónicos y cumplimiento tributario.",3.284,1899,68,1967,No Relevante,Contiene 'boletas electrónicas',2025,1,2
Resolución Exenta SII N° 73 del 25 de Junio del 2025,Complementa lista anexa de la resolución exenta n°08 de 2024.,Subdireccion De Avaluaciones,https://www.sii.cl/normativa_legislacion/resoluciones/2025/reso73.pdf,resolucion,No Relevante,"La normativa se refiere a la complementación de una lista de valores de vehículos motorizados, lo cual no está relacionado con los temas definidos como relevantes para el sistema de cumplimiento normativo automatizado de la fintech.",3.402,1193,56,1249,No Relevante,No se encontraron reglas de negocio,2025,0,0
Resolución Exenta SII N° 38 del 27 de Marzo del 2025,Fija forma de solicitar ejercicio de la facultad contenida en el inciso quinto del artículo 20 de la Ley sobre impuesto a las ventas y servicios.,Subdireccion De Fiscalizacion,https://www.sii.cl/normativa_legislacion/resoluciones/2025/reso38.pdf,resolucion,No Relevante,"No cumple reglas de negocio. La normativa se centra en el procedimiento para solicitar una estimación razonable del impuesto a pagar bajo ciertas condiciones, lo cual no se relaciona directamente con los temas especificados como boletas, comprobantes electrónicos, registro de compra, registro de venta, cumplimiento tributario automatizado, inicio de actividades, medios de pago electrónicos, POS, operadores y administradores, comercio electrónico o PSP.",3.612,1723,96,1819,No Relevante,No se encontraron reglas de negocio,2025,0,0
Resolución Exenta SII N° 60 del 07 de Mayo del 2025,Autoriza como receptor electrónico de documentos tributarios electrónicos a organismos públicos que se indican.,Subdireccion De Asistencia Al Contribuyente,https://www.sii.cl/normativa_legislacion/resoluciones/2025/reso60.pdf,resolucion,No Relevante,"La normativa se centra en autorizar a ciertos organismos públicos como receptores electrónicos de documentos tributarios electrónicos, lo cual no afecta directamente los procesos generales de cumplimiento automatizado de la fintech en los temas especificados. No cumple reglas de negocio.",2.943,730,61,791,No Relevante,No se encontraron reglas de negocio,2025,0,0
Circular N° 21 del 10 de Marzo del 2025,Tablas de impuesto único de segunda categoría para el mes de abril de 2025 e información adicional relacionada con dicho tributo.,Subdireccion Normativa,https://www.sii.cl/normativa_legislacion/circulares/2025/circu21.pdf,circular,No Relevante,"La normativa se centra en las tablas de impuesto único de segunda categoría y no aborda temas relacionados con boletas, comprobantes electrónicos, registros de compra o venta, cumplimiento tributario automatizado, medios de pago electrónicos, POS, comercio electrónico, o PSP. No cumple reglas de negocio.",4.651,2658,70,2728,No Relevante,No se encontraron reglas de negocio,2025,0,0
Circular N° 23 del 27 de Marzo del 2025,"Imparte instrucciones sobre el nuevo texto del artículo 64 del Código Tributario, reemplazado por la Ley N° 21.713. Deja sin efecto Circular N° 45 de 2001 y numerales 19) y 20) del apartado IV de la Circular N° 23 de 1975.",Subdireccion Juridica,https://www.sii.cl/normativa_legislacion/circulares/2025/circu23.pdf,circular,No Relevante,"No cumple reglas de negocio. La normativa se centra en la tasación de precios o valores para determinar impuestos y no aborda directamente ninguno de los temas específicos como boletas, comprobantes electrónicos, registro de compra, registro de venta, cumplimiento tributario automatizado, medios de pago electrónicos, POS, operadores y administradores, comercio electrónico o PSP.",4.138,7167,82,7249,No Relevante,Contiene 'donaciones',2025,1,1
Resolución Exenta SII N° 06 del 09 de Enero del 2025,Fija procedimiento para tramitar solicitudes de ajuste correspondiente o correlativo conforme al N° 8 del Artículo 41 E de la Ley Sobre Impuesto a la Renta. Deja sin efecto la Resolución Ex. SII N° 67 de 2013,Subdireccion De Fiscalizacion,https://www.sii.cl/normativa_legislacion/resoluciones/2025/reso6.pdf,resolucion,No Relevante,"La normativa se centra en el procedimiento para tramitar solicitudes de ajuste de precios de transferencia conforme al artículo 41 E de la Ley sobre Impuesto a la Renta, lo cual no está relacionado directamente con los temas definidos como relevantes para el sistema de cumplimiento normativo automatizado de la fintech.",3.632,1789,72,1861,No Relevante,No se encontraron reglas de negocio,2025,0,0
Circular N° 30 del 17 de Abril del 2025,Informa tabla de cálculos de reajustes y multas para el mes de Mayo 2025. Modifica Circular Nº 22 de 2025,Subdireccion De Fiscalizacion,https://www.sii.cl/normativa_legislacion/circulares/2025/circu30.pdf,circular,No Relevante,"La normativa se centra en informar sobre tablas de cálculos de reajustes y multas, lo cual no se relaciona directamente con los temas definidos como relevantes para el sistema de cumplimiento normativo automatizado de la fintech. No cumple reglas de negocio.",2.835,1668,62,1730,No Relevante,No se encontraron reglas de negocio,2025,0,0
Resolución Exenta SII N° 77 del 26 de Junio del 2025,Establece procedimiento para la obtención de Rut e inicio de actividades,Subdireccion Juridica,https://www.sii.cl/normativa_legislacion/resoluciones/2025/reso77.pdf,resolucion,Relevante,"La normativa se relaciona directamente con el ""inicio de actividades"" y el ""cumplimiento tributario"", ya que establece procedimientos para la obtención de RUT y el aviso de inicio de actividades, lo cual es relevante para el sistema de cumplimiento normativo automatizado de la fintech.",8.101,17447,70,17517,Relevante,Contiene Artículo 68 del Código Tributario | Contiene 'operadores' | Contiene 'cumplimiento tributario' | Contiene 'inicio de actividades',2025,4,6
Resolución Exenta SII N° 19 del 14 de Febrero del 2025,Autoriza acceso a los Servicios de Interoperabilidad Cartografía Digital “SII-MAPAS” a la Ilustre Municipalidad de Ancud,Subdireccion De Asistencia Al Contribuyente,https://www.sii.cl/normativa_legislacion/resoluciones/2025/reso19.pdf,resolucion,No Relevante,"La normativa se centra en autorizar el acceso a servicios de cartografía digital para una municipalidad, lo cual no está relacionado con boletas, comprobantes electrónicos, registros de compra o venta, cumplimiento tributario, inicio de actividades, medios de pago electrónicos, POS, operadores y administradores, comercio electrónico, o PSP. No cumple reglas de negocio.",4.013,2095,84,2179,No Relevante,No se encontraron reglas de negocio,2025,0,0
Resolución Exenta SII N° 79 del 26 de Junio del 2025,"Instruye sobre la forma en que los órganos de la administración del estado, operadores y otras entidades que se indican, deberán verificar el cumplimiento del inciso décimo segundo y décimo tercero del artículo 68 del Código Tributario.",Subdireccion De Asistencia Al Contribuyente,https://www.sii.cl/normativa_legislacion/resoluciones/2025/reso79.pdf,resolucion,Relevante,"La normativa es relevante porque se relaciona directamente con el cumplimiento tributario, el inicio de actividades, y los operadores y proveedores de medios de pago electrónico. Establece obligaciones para verificar el inicio de actividades y el cumplimiento tributario de las personas o entidades que contraten servicios de operadores y proveedores de medios de pago electrónico, lo cual afecta el sistema de cumplimiento normativo automatizado de la fintech.",4.251,2807,92,2899,Relevante,Contiene Artículo 68 del Código Tributario | Contiene 'operadores' | Contiene 'cumplimiento tributario' | Contiene 'inicio de actividades',2025,4,6
Resolución Exenta SII N° 81 del 30 de Junio del 2025,"Modifica fecha de entrada en vigencia de la Resolución Exenta SIIi N°41 de 2025, que dispone forma de suscripción de la Declaración Jurada exigida por las circulares N° 39 de 1991 y N° 27 de 2007.",Subdireccion De Fiscalizacion,https://www.sii.cl/normativa_legislacion/resoluciones/2025/reso81.pdf,resolucion,No Relevante,"La normativa se centra en modificar la fecha de entrada en vigencia de una resolución relacionada con la suscripción de declaraciones juradas para transacciones electrónicas de importación, lo cual no afecta directamente los temas de boletas, comprobantes electrónicos, registros de compra o venta, cumplimiento tributario automatizado, medios de pago electrónicos, POS, operadores y administradores, comercio electrónico, o PSP. No cumple reglas de negocio.",4.122,1200,98,1298,No Relevante,Contiene 'cumplimiento tributario',2025,1,1
Resolución Exenta SII N° 68 del 19 de Junio del 2025,Crea la oficina de relaciones internacionales.,Subdireccion Normativa,https://www.sii.cl/normativa_legislacion/resoluciones/2025/reso68.pdf,resolucion,No Relevante,"La normativa se centra en la creación de una oficina de relaciones internacionales dentro del Servicio de Impuestos Internos (SII) y no aborda ninguno de los temas específicos relacionados con el cumplimiento tributario automatizado de una fintech, como boletas, comprobantes electrónicos, registros de compra o venta, medios de pago electrónicos, POS, comercio electrónico, o PSP.",4.341,1292,85,1377,No Relevante,No se encontraron reglas de negocio,2025,0,0
Resolución Exenta SII N° 65 del 29 de Mayo del 2025,Aprueba Adendum al Convenio de Intercambio de Información y Colaboración entre la Unidad de Análisis Financiero y el Servicio de Impuestos Internos.,Subdireccion De Asistencia Al Contribuyente,https://www.sii.cl/normativa_legislacion/resoluciones/2025/reso65.pdf,resolucion,No Relevante,No cumple reglas de negocio,1.773,2097,18,2115,No Relevante,No se encontraron reglas de negocio,2025,0,0
Resolución Exenta SII N° 37 del 26 de Marzo del 2025,Complementa lista anexa de la resolución exenta N°08 de 2024.,Subdireccion De Avaluaciones,https://www.sii.cl/normativa_legislacion/resoluciones/2025/reso37.pdf,resolucion,No Relevante,"La normativa se refiere a la complementación de una lista de valores de vehículos motorizados, lo cual no está relacionado con los temas definidos como relevantes para el sistema de cumplimiento normativo automatizado de la fintech.",3.189,2763,56,2819,No Relevante,No se encontraron reglas de negocio,2025,0,0
Circular N° 24 del 28 de Marzo del 2025,"Nuevas escalas y tasas para la determinación de los impuestos que afectan a los contribuyentes mineros a que se refieren los artículos 23 y 34, N° 2, letra c), de la Ley sobre Impuesto a la Renta.",Subdireccion Normativa,https://www.sii.cl/normativa_legislacion/circulares/2025/circu24.pdf,circular,No Relevante,"La normativa se centra en las escalas y tasas para la determinación de impuestos específicos para contribuyentes mineros, lo cual no está relacionado con los temas definidos como relevantes para el sistema de cumplimiento normativo automatizado de la fintech. No cumple reglas de negocio.",3.401,793,67,860,No Relevante,No se encontraron reglas de negocio,2025,0,0
Resolución Exenta SII N° 54 del 30 de Abril del 2025,"Individualiza a las personas que, en razón de su función o cargo, tienen atribuciones decisorias relevantes o influyen decisivamente en quienes tengan dichas atribuciones, conforme lo dispuesto en el Art. 3° inciso 2° de la Ley N°20.730, que Regula el Lobby y las Gestiones que representen Intereses Particulares ante las autoridades y funcionarios. Deja sin efecto la Resolución Exenta SII N°53, de 02.05.2024.",Subdireccion De Asistencia Al Contribuyente,https://www.sii.cl/normativa_legislacion/resoluciones/2025/reso54.pdf,resolucion,No Relevante,"La normativa se centra en la individualización de personas con atribuciones decisorias en el contexto de la Ley de Lobby, sin relación directa con boletas, comprobantes electrónicos, registros de compra o venta, cumplimiento tributario, inicio de actividades, medios de pago electrónicos, POS, operadores y administradores, comercio electrónico o PSP. No cumple reglas de negocio.",4.114,3352,85,3437,No Relevante,No se encontraron reglas de negocio,2025,0,0
Resolución Exenta SII N° 66 del 11 de Junio del 2025,Autoriza como receptor electrónico de documentos tributarios electrónicos a organismo público que indica.,Subdireccion De Asistencia Al Contribuyente,https://www.sii.cl/normativa_legislacion/resoluciones/2025/reso66.pdf,resolucion,No Relevante,"La normativa se centra en autorizar a un organismo público como receptor electrónico de documentos tributarios electrónicos, lo cual no modifica procesos generales que afecten el cumplimiento automatizado de la fintech. No cumple reglas de negocio.",2.763,676,56,732,No Relevante,No se encontraron reglas de negocio,2025,0,0
Circular N° 46 del 12 de Junio del 2025,Informa tabla de cálculos de reajustes y multas para el mes de Julio 2025,Subdireccion De Fiscalizacion,https://www.sii.cl/normativa_legislacion/circulares/2025/circu46.pdf,circular,No Relevante,"La normativa se centra en informar sobre tablas de cálculos de reajustes y multas, lo cual no se relaciona directamente con los temas definidos como relevantes para el sistema de cumplimiento normativo automatizado de la fintech. No cumple reglas de negocio.",2.729,1548,62,1610,No Relevante,No se encontraron reglas de negocio,2025,0,0
Resolución Exenta SII N° 29 del 06 de Marzo del 2025,"Establece criterios para la proposición, negociación y aceptación de las bases de acuerdo en el procedimiento de mediación entre el Servicio de Impuestos Internos y la Defensoría del Contribuyente.",Subdireccion Juridica,https://www.sii.cl/normativa_legislacion/resoluciones/2025/reso29.pdf,resolucion,No Relevante,"La normativa se centra en establecer criterios para la mediación entre el Servicio de Impuestos Internos y la Defensoría del Contribuyente, lo cual no se relaciona directamente con los temas definidos como relevantes para el sistema de cumplimiento normativo automatizado de la fintech.",3.601,1827,68,1895,No Relevante,No se encontraron reglas de negocio,2025,0,0
Circular N° 11 del 30 de Enero del 2025,"Imparte instrucciones sobre las modificaciones introducidas por la Ley N° 21.713 a los artículos 10, 41 G y 41 H, todos de la Ley sobre Impuesto a la Renta. Modifica y complementa las Circulares N° 14 de 2014, N° 12 de 2015, y N° 40 de 2016",Subdireccion Normativa,https://www.sii.cl/normativa_legislacion/circulares/2025/circu11.pdf,circular,No Relevante,No cumple reglas de negocio.,2.029,6460,19,6479,No Relevante,No se encontraron reglas de negocio,2025,0,0
Circular N° 9 del 30 de Enero del 2025,"Informa datos relacionados con la aplicación del sistema de corrección monetaria; reajustabilidad de los saldos de los registros de rentas empresariales, del registro FUR y de los excesos de retiros no imputados y tablas de impuesto global complementario correspondientes al año tributario 2025.",Subdireccion Normativa,https://www.sii.cl/normativa_legislacion/circulares/2025/circu9.pdf,circular,No Relevante,"La normativa se centra en la aplicación del sistema de corrección monetaria, reajustabilidad de registros de rentas empresariales y tablas de impuesto global complementario, sin abordar temas directamente relacionados con boletas, comprobantes electrónicos, registros de compra o venta, cumplimiento tributario automatizado, medios de pago electrónicos, POS, comercio electrónico, o PSP. No cumple reglas de negocio.",8.977,2373,90,2463,No Relevante,No se encontraron reglas de negocio,2025,0,0
Resolución Exenta SII N° 64 del 27 de Mayo del 2025,Delega facultad que indica en la funcionaria que se individualiza,Subdireccion Juridica,https://www.sii.cl/normativa_legislacion/resoluciones/2025/reso64.pdf,resolucion,No Relevante,"La normativa se refiere a la delegación de facultades para absolver posiciones en un juicio específico, lo cual no está relacionado con los temas definidos como relevantes para el sistema de cumplimiento normativo automatizado de la fintech. No cumple reglas de negocio.",4.014,866,63,929,No Relevante,No se encontraron reglas de negocio,2025,0,0
Circular N° 3 del 09 de Enero del 2025,"Informa sobre modificación introducida por la letra c) del N° 14 del artículo 4 de la Ley N° 21.713 al artículo 152 de la Ordenanza de Aduanas, en materia de impuesto a las donaciones.",Subdireccion Normativa,https://www.sii.cl/normativa_legislacion/circulares/2025/circu3.pdf,circular,No Relevante,"La normativa se centra en modificaciones relacionadas con el impuesto a las donaciones y la exención de ciertos trámites para donaciones de mercancías, lo cual no se relaciona directamente con los temas definidos como relevantes para el sistema de cumplimiento normativo automatizado de la fintech.",3.93,1780,68,1848,No Relevante,Contiene 'donaciones',2025,1,1
Resolución Exenta SII N° 09 del 16 de Enero del 2025,"Fija procedimiento para el giro y pago del impuesto establecido en el artículo 9 de la Ley N° 21.420, modificado por el artículo 5 de la Ley 21.713. Deja sin efecto resolución exenta SII N° 125 de 2022.",Subdireccion De Avaluaciones,https://www.sii.cl/normativa_legislacion/resoluciones/2025/reso9.pdf,resolucion,No Relevante,"La normativa se centra en el procedimiento para el giro y pago de un impuesto específico sobre bienes de lujo como helicópteros, aviones, yates y vehículos de alto valor. No aborda temas relacionados con boletas, comprobantes electrónicos, registros de compra o venta, cumplimiento tributario automatizado, medios de pago electrónicos, POS, comercio electrónico, ni PSP. Por lo tanto, no cumple con las reglas de negocio establecidas para ser considerada relevante.",4.482,1314,104,1418,No Relevante,No se encontraron reglas de negocio,2025,0,0
Resolución Exenta SII N° 83 del 03 de Julio del 2025,Autoriza como receptor electrónico de documentos tributarios electrónicos a organismos públicos que se indican.,Subdireccion De Asistencia Al Contribuyente,https://www.sii.cl/normativa_legislacion/resoluciones/2025/reso83.pdf,resolucion,No Relevante,"La normativa se centra en autorizar a organismos públicos como receptores de documentos tributarios electrónicos, lo cual no afecta directamente los procesos de cumplimiento automatizado de la fintech en los temas especificados. No cumple reglas de negocio.",4.561,741,58,799,No Relevante,No se encontraron reglas de negocio,2025,0,0
Resolución Exenta SII N° 23 del 21 de Febrero del 2025,"Delega facultades en el Subdirector de Asistencia al Contribuyente en la materia que indica y deja sin efecto la Resolución Exenta SII N° 71, de 19.07.2016.",Subdireccion De Asistencia Al Contribuyente,https://www.sii.cl/normativa_legislacion/resoluciones/2025/reso23.pdf,resolucion,No Relevante,"La normativa se centra en la delegación de facultades dentro del SII para representar al organismo ante el Consejo para la Transparencia. No aborda temas relacionados con boletas, comprobantes electrónicos, registros de compra o venta, cumplimiento tributario, inicio de actividades, medios de pago electrónicos, POS, operadores y administradores, comercio electrónico, o PSP. No cumple reglas de negocio.",4.218,936,90,1026,No Relevante,No se encontraron reglas de negocio,2025,0,0
Circular N° 45 del 12 de Junio del 2025,"Operaciones de crédito de dinero. Valor de la Unidad de Fomento para los días comprendidos entre el 10 de junio de 2025 y el 9 de julio de 2025, ambos inclusive.",Subdireccion De Normativa,https://www.sii.cl/normativa_legislacion/circulares/2025/circu45.pdf,circular,No Relevante,"La normativa se refiere al valor de la Unidad de Fomento para un período específico, lo cual no está relacionado con los temas definidos como relevantes para el sistema de cumplimiento normativo automatizado de la fintech. No cumple reglas de negocio.",2.814,1526,60,1586,No Relevante,No se encontraron reglas de negocio,2025,0,0
Circular N° 42 del 15 de Mayo del 2025,Informa tabla de cálculos de reajustes y multas para el mes de junio 2025,Subdireccion De Fiscalizacion,https://www.sii.cl/normativa_legislacion/circulares/2025/circu42.pdf,circular,No Relevante,"La normativa se centra en informar sobre tablas de cálculos de reajustes y multas, lo cual no se relaciona directamente con los temas definidos como relevantes para el sistema de cumplimiento normativo automatizado de la fintech. No cumple reglas de negocio.",2.701,1590,62,1652,No Relevante,No se encontraron reglas de negocio,2025,0,0
Resolución Exenta SII N° 25 del 21 de Febrero del 2025,DEFINE ORGANIGRAMA DEL SERVICIO DE IMPUESTOS INTERNOS.,Direccion Nacional,https://www.sii.cl/normativa_legislacion/resoluciones/2025/reso25.pdf,resolucion,No Relevante,"La normativa se centra en definir el organigrama del Servicio de Impuestos Internos y no aborda ninguno de los temas específicos relacionados con el cumplimiento tributario automatizado de una fintech, como boletas, comprobantes electrónicos, registros de compra o venta, medios de pago electrónicos, entre otros. No cumple reglas de negocio.",3.279,1167,78,1245,No Relevante,No se encontraron reglas de negocio,2025,0,0
Circular N° 12 del 30 de Enero del 2025,Imparte instrucciones sobre modificaciones incorporadas por la Ley N° 21.713 a diversos artículos de la Ley sobre Impuesto a las Ventas y Servicios. Deja sin efecto las instrucciones contenidas en el N° 6 del Título II de la Circular N° 26 de 2021. Complementa las instrucciones contenidas en la Circular N° 42 de 2020 y en el apartado 3.7.1 del Título II de la Circular N° 61 de 2020.,Subdireccion Normativa,https://www.sii.cl/normativa_legislacion/circulares/2025/circu12.pdf,circular,Relevante,"La normativa aborda modificaciones en la Ley sobre Impuesto a las Ventas y Servicios que afectan el cumplimiento tributario, incluyendo cambios en el régimen de tributación simplificada para contribuyentes no domiciliados ni residentes en Chile, lo cual es relevante para el sistema de cumplimiento normativo automatizado de la fintech.",4.441,8798,74,8872,Relevante,Contiene 'operadores' | Contiene 'inicio de actividades',2025,2,4
Circular N° 7 del 16 de Enero del 2025,"Imparte instrucciones sobre los artículos 62 y 62 bis del Código Tributario, modificados por la Ley Nº 21.713. Deja sin efecto la Circular N° 46 de 2010.",Subdireccion Juridica,https://www.sii.cl/normativa_legislacion/circulares/2025/circu7.pdf,circular,No Relevante,"La normativa se centra en el acceso a información bancaria para verificar el cumplimiento de obligaciones tributarias, pero no aborda directamente temas como boletas, comprobantes electrónicos, registros de compra o venta, medios de pago electrónicos, POS, comercio electrónico, o PSP, que son los criterios definidos para clasificar como relevante.",4.99,9098,75,9173,No Relevante,No se encontraron reglas de negocio,2025,0,0
Resolución Exenta SII N° 47 del 10 de Abril del 2025,Aprueba Convenio de Intercambio de Información y Colaboración entre la Subsecretaría de Hacienda y el Servicio de Impuestos Internos.,Subdireccion De Asistencia Al Contribuyente,https://www.sii.cl/normativa_legislacion/resoluciones/2025/reso47.pdf,resolucion,No Relevante,"La normativa se centra en un convenio de intercambio de información y colaboración entre la Subsecretaría de Hacienda y el Servicio de Impuestos Internos, lo cual no se relaciona directamente con los temas específicos de boletas, comprobantes electrónicos, registro de compra, registro de venta, cumplimiento tributario, inicio de actividades, medios de pago electrónicos, POS, operadores y administradores, comercio electrónico, o PSP. No cumple reglas de negocio.",3.491,4070,101,4171,No Relevante,Contiene 'inicio de actividades',2025,1,1
Resolución Exenta SII N° 48 del 17 de Abril del 2025,Aprueba Addendum al Convenio de Intercambio de Información y Colaboración entre la Subsecretaría de Transporte y el Servicio de Impuestos Internos.,Subdireccion De Asistencia Al Contribuyente,https://www.sii.cl/normativa_legislacion/resoluciones/2025/reso48.pdf,resolucion,No Relevante,"La normativa se centra en un addendum al convenio de intercambio de información y colaboración entre la Subsecretaría de Transporte y el Servicio de Impuestos Internos, lo cual no se relaciona directamente con los temas especificados como boletas, comprobantes electrónicos, registro de compra, registro de venta, cumplimiento tributario, inicio de actividades, medios de pago electrónicos, POS, operadores y administradores, comercio electrónico, o PSP. No cumple reglas de negocio.",3.99,3945,105,4050,No Relevante,No se encontraron reglas de negocio,2025,0,0
Resolución Exenta SII N° 27 del 04 de Marzo del 2025,Complementa y rectifica en el modo que indica listado anexo de la Resolución Exenta N°07 de 2025.,Subdireccion De Avaluaciones,https://www.sii.cl/normativa_legislacion/resoluciones/2025/reso27.pdf,resolucion,No Relevante,No cumple reglas de negocio,3.559,18841,18,18859,No Relevante,No se encontraron reglas de negocio,2025,0,0
Resolución Exenta SII N° 70 del 19 de Junio del 2025,Establece procedimiento de registro de empresas certificadoras independientes de acuerdo con el Nº 18 del artículo 8° del Código Tributario.,Subdireccion De Fiscalizacion,https://www.sii.cl/normativa_legislacion/resoluciones/2025/reso70.pdf,resolucion,No Relevante,"No cumple reglas de negocio. La normativa se centra en el procedimiento de registro de empresas certificadoras independientes para emitir certificados de sostenibilidad tributaria, lo cual no está directamente relacionado con los temas especificados como relevantes para el sistema de cumplimiento normativo automatizado de la fintech.",3.75,5119,68,5187,No Relevante,No se encontraron reglas de negocio,2025,0,0
Resolución Exenta SII N° 40 del 27 de Marzo del 2025,Aprueba Convenio de Intercambio de Información y Colaboración entre la Comisión para el Mercado Financiero y el Servicio de Impuestos Internos.,Subdireccion De Asistencia Al Contribuyente,https://www.sii.cl/normativa_legislacion/resoluciones/2025/reso40.pdf,resolucion,No Relevante,"La normativa se centra en un convenio de intercambio de información y colaboración entre la Comisión para el Mercado Financiero y el Servicio de Impuestos Internos, lo cual no se relaciona directamente con los temas específicos de boletas, comprobantes electrónicos, registro de compra, registro de venta, cumplimiento tributario, inicio de actividades, medios de pago electrónicos, POS, operadores y administradores, comercio electrónico, o PSP. No cumple reglas de negocio.",4.458,6293,102,6395,No Relevante,No se encontraron reglas de negocio,2025,0,0
Resolución Exenta SII N° 61 del 08 de Mayo del 2025,"Determina que los emiratos árabes unidos no tiene un régimen fiscal preferencial para efectos de la ley sobre impuesto a la renta, en conformidad a lo señalado en el artículo 41 h.",Subdireccion De Fiscalizacion,https://www.sii.cl/normativa_legislacion/resoluciones/2025/reso61.pdf,resolucion,No Relevante,"La normativa se centra en determinar si los Emiratos Árabes Unidos tienen un régimen fiscal preferencial para efectos de la ley sobre impuesto a la renta, lo cual no se relaciona directamente con los temas de boletas, comprobantes electrónicos, registro de compra, registro de venta, cumplimiento tributario, inicio de actividades, medios de pago electrónicos, POS, operadores y administradores, comercio electrónico, o PSP. No cumple reglas de negocio.",4.266,2052,102,2154,No Relevante,No se encontraron reglas de negocio,2025,0,0
