nombre,explicacion_real,explicacion_predicha,tipo_error,Modelo
Resolución Exenta SII N° 69 del 19 de Junio del 2025,Contiene 'inicio de actividades',"La normativa es relevante porque establece obligaciones para los bancos comerciales relacionadas con el ""inicio de actividades"" de personas jurídicas o entidades empresariales al tramitar solicitudes de crédito o préstamos. Esto afecta el cumplimiento tributario automatizado, ya que los bancos deben verificar y reportar esta información al Servicio de Impuestos Internos (SII), lo cual es un proceso que puede ser automatizado por una fintech.",Falso Positivo,gpt4_knn1
Resolución Exenta SII N° 20 del 20 de Febrero del 2025,Contiene 'boletas electrónicas',"La normativa autoriza la emisión de boletas de servicios en formato electrónico, lo cual se relaciona directamente con el tema de ""boletas"" y ""comprobantes electrónicos"", ambos relevantes para el sistema de cumplimiento normativo automatizado de la fintech.",Falso Positivo,gpt4_knn1
Resolución Exenta SII N° 26 del 24 de Febrero del 2025,Contiene 'boletas electrónicas',"La normativa autoriza a EDS Tickets SPA para emitir boletas de servicios en formato electrónico, lo cual se relaciona directamente con el tema de ""boletas"" y ""comprobantes electrónicos"", ambos relevantes para el sistema de cumplimiento normativo automatizado de la fintech.",Falso Positivo,gpt4_knn1
Resolución Exenta SII N° 18 del 13 de Febrero del 2025,No se encontraron reglas de negocio,"La normativa es relevante porque se refiere a la información de boletas de prestación de servicios de terceros electrónicas (BTE) y boletas de honorarios electrónicas (BHE), que son tipos de comprobantes electrónicos. Además, la normativa menciona el intercambio de información sobre ingresos por honorarios, lo cual está relacionado con el cumplimiento tributario.",Falso Positivo,gpt4_knn1
Resolución Exenta SII N° 53 del 29 de Abril del 2025,Contiene 'boletas electrónicas',"La normativa se relaciona directamente con la obligación de entregar la representación impresa o virtual de la boleta electrónica y/o comprobante de pago electrónico, lo cual está directamente vinculado con los temas de boletas, comprobantes electrónicos, medios de pago electrónicos y cumplimiento tributario.",Falso Positivo,gpt4_knn1
Resolución Exenta SII N° 21 del 21 de Febrero del 2025,Contiene Artículo 68 del Código Tributario | Contiene 'cumplimiento tributario' | Contiene 'inicio de actividades',"La normativa se centra en el procedimiento de designación de un apoderado de grupo empresarial para coordinar con el Servicio de Impuestos Internos (SII) en temas de colaboración y cumplimiento tributario. No aborda directamente ninguno de los temas específicos listados como relevantes para el sistema de cumplimiento normativo automatizado de la fintech, como boletas, comprobantes electrónicos, registros de compra o venta, medios de pago electrónicos, POS, comercio electrónico, o PSP.",Falso Negativo,gpt4_knn1
Resolución Exenta SII N° 71 del 19 de Junio del 2025,Contiene 'cumplimiento tributario',"La normativa se relaciona directamente con el cumplimiento tributario, ya que establece un procedimiento para que las empresas certificadoras independientes otorguen certificación anual de sostenibilidad tributaria a los contribuyentes. Esto implica la evaluación de prácticas de cumplimiento tributario responsable y la implementación de un marco de control fiscal, lo cual es relevante para un sistema de cumplimiento normativo automatizado en una fintech.",Falso Positivo,gpt4_knn3
Resolución Exenta SII N° 69 del 19 de Junio del 2025,Contiene 'inicio de actividades',"La normativa es relevante porque establece obligaciones para los bancos comerciales relacionadas con el ""inicio de actividades"" de personas jurídicas o entidades empresariales al tramitar solicitudes de crédito o préstamo. Esto afecta el cumplimiento tributario, ya que los bancos deben verificar y reportar esta información al Servicio de Impuestos Internos (SII), lo cual es un proceso que puede ser automatizado por una fintech.",Falso Positivo,gpt4_knn3
Resolución Exenta SII N° 63 del 22 de Mayo del 2025,No se encontraron reglas de negocio,"La normativa es relevante porque afecta directamente el cumplimiento tributario automatizado de la fintech al establecer un cambio en el sujeto pasivo del IVA para las comisiones pagadas a intermediarios en el modelo de negocio ""Santander en tu barrio"". Esto implica que Banco Santander Chile debe emitir facturas de compra y gestionar la retención y declaración del IVA, lo cual es un proceso que puede ser automatizado y es relevante para el sistema de cumplimiento normativo de la fintech.",Falso Positivo,gpt4_knn3
Resolución Exenta SII N° 20 del 20 de Febrero del 2025,Contiene 'boletas electrónicas',"La normativa autoriza la emisión de boletas de servicios en formato electrónico, lo cual se relaciona directamente con el tema de ""boletas"" y ""comprobantes electrónicos"", ambos relevantes para el sistema de cumplimiento normativo automatizado de la fintech.",Falso Positivo,gpt4_knn3
Resolución Exenta SII N° 26 del 24 de Febrero del 2025,Contiene 'boletas electrónicas',"La normativa autoriza a EDS Tickets SPA para emitir boletas de servicios en formato electrónico, lo cual se relaciona directamente con el tema de ""boletas"" y ""comprobantes electrónicos"", ambos relevantes para el sistema de cumplimiento normativo automatizado de la fintech.",Falso Positivo,gpt4_knn3
Circular N° 26 del 03 de Abril del 2025,Contiene Artículo 68 del Código Tributario,"La normativa se relaciona directamente con el cumplimiento tributario, específicamente con la inscripción en el Rol Único Tributario (RUT) a través de la carpeta tributaria electrónica, lo cual es relevante para el sistema de cumplimiento normativo automatizado de la fintech. Además, aborda procedimientos simplificados y alternativos para la inscripción en el RUT, lo que puede impactar en los procesos de cumplimiento tributario automatizado.",Falso Positivo,gpt4_knn3
Resolución Exenta SII N° 18 del 13 de Febrero del 2025,No se encontraron reglas de negocio,"La normativa es relevante porque se refiere a la información de boletas de prestación de servicios de terceros electrónicas (BTE) y boletas de honorarios electrónicas (BHE), que son tipos de comprobantes electrónicos. Además, la normativa implica el intercambio de información que puede afectar el cumplimiento tributario automatizado de la fintech.",Falso Positivo,gpt4_knn3
Resolución Exenta SII N° 53 del 29 de Abril del 2025,Contiene 'boletas electrónicas',"La normativa se relaciona directamente con la obligación de entregar la representación impresa o virtual de la boleta electrónica y/o comprobante de pago electrónico, lo cual está directamente vinculado con los temas de boletas, comprobantes electrónicos, medios de pago electrónicos y cumplimiento tributario.",Falso Positivo,gpt4_knn3
Resolución Exenta SII N° 21 del 21 de Febrero del 2025,Contiene Artículo 68 del Código Tributario | Contiene 'cumplimiento tributario' | Contiene 'inicio de actividades',"La normativa se centra en el procedimiento de designación de un apoderado de grupo empresarial para coordinar con el Servicio de Impuestos Internos (SII) en temas de colaboración y cumplimiento tributario. No aborda directamente ninguno de los temas específicos listados como relevantes para el sistema de cumplimiento normativo automatizado de la fintech, como boletas, comprobantes electrónicos, registros de compra o venta, medios de pago electrónicos, POS, comercio electrónico, o PSP.",Falso Negativo,gpt4_knn3
Resolución Exenta SII N° 69 del 19 de Junio del 2025,Contiene 'inicio de actividades',"La normativa es relevante porque establece obligaciones para los bancos comerciales relacionadas con el ""inicio de actividades"" de personas jurídicas o entidades empresariales al tramitar solicitudes de crédito o préstamo. Esto afecta el cumplimiento tributario automatizado, ya que los bancos deben verificar y reportar esta información al Servicio de Impuestos Internos (SII), lo cual es un proceso que puede ser automatizado por una fintech.",Falso Positivo,gpt4_knn5
Resolución Exenta SII N° 63 del 22 de Mayo del 2025,No se encontraron reglas de negocio,"La normativa es relevante porque afecta directamente el cumplimiento tributario automatizado de la fintech al establecer un cambio en el sujeto pasivo del IVA para las comisiones pagadas a intermediarios en el modelo de negocio ""Santander en tu barrio"". Esto implica que Banco Santander Chile debe emitir facturas de compra y gestionar la retención y declaración del IVA, lo cual es un proceso que puede ser automatizado y es relevante para el sistema de cumplimiento normativo de la fintech.",Falso Positivo,gpt4_knn5
Resolución Exenta SII N° 20 del 20 de Febrero del 2025,Contiene 'boletas electrónicas',"La normativa autoriza la emisión de boletas de servicios en formato electrónico, lo cual se relaciona directamente con el tema de comprobantes electrónicos, uno de los temas definidos como relevantes para el sistema de cumplimiento normativo automatizado de la fintech.",Falso Positivo,gpt4_knn5
Resolución Exenta SII N° 26 del 24 de Febrero del 2025,Contiene 'boletas electrónicas',"La normativa autoriza la emisión de boletas de servicios en formato electrónico, lo cual se relaciona directamente con el tema de comprobantes electrónicos y boletas, ambos relevantes para el sistema de cumplimiento normativo automatizado de la fintech.",Falso Positivo,gpt4_knn5
Circular N° 26 del 03 de Abril del 2025,Contiene Artículo 68 del Código Tributario,"La normativa es relevante porque introduce modificaciones al proceso de inscripción en el Rol Único Tributario (RUT) mediante la carpeta tributaria electrónica, lo cual está directamente relacionado con el cumplimiento tributario. Además, establece procedimientos simplificados y alternativos para la inscripción en el RUT, lo que afecta a instituciones bancarias y financieras, actores clave en el ecosistema de medios de pago electrónicos y PSPs.",Falso Positivo,gpt4_knn5
Resolución Exenta SII N° 18 del 13 de Febrero del 2025,No se encontraron reglas de negocio,"La normativa es relevante porque se refiere a la información de boletas de prestación de servicios de terceros electrónicas (BTE) y boletas de honorarios electrónicas (BHE), que son tipos de comprobantes electrónicos. Además, se menciona el intercambio de información relacionada con ingresos por honorarios, lo cual está directamente relacionado con el cumplimiento tributario.",Falso Positivo,gpt4_knn5
Resolución Exenta SII N° 53 del 29 de Abril del 2025,Contiene 'boletas electrónicas',"La normativa se relaciona directamente con la obligación de entregar la representación impresa o virtual de la boleta electrónica y/o comprobante de pago electrónico, lo cual está directamente vinculado con los temas de boletas, comprobantes electrónicos, medios de pago electrónicos y cumplimiento tributario.",Falso Positivo,gpt4_knn5
Resolución Exenta SII N° 21 del 21 de Febrero del 2025,Contiene Artículo 68 del Código Tributario | Contiene 'cumplimiento tributario' | Contiene 'inicio de actividades',"La normativa se centra en el procedimiento de designación de un apoderado de grupo empresarial para coordinar con el Servicio de Impuestos Internos (SII) en temas de colaboración y cumplimiento tributario. No aborda directamente ninguno de los temas específicos listados como relevantes para el sistema de cumplimiento normativo automatizado de la fintech, como boletas, comprobantes electrónicos, registros de compra o venta, medios de pago electrónicos, POS, comercio electrónico, o PSP.",Falso Negativo,gpt4_knn5
Circular N° 6 del 16 de Enero del 2025,No se encontraron reglas de negocio,"La normativa introduce nuevos conceptos y procedimientos que se relacionan directamente con el ""cumplimiento tributario"". Específicamente, define la ""sostenibilidad tributaria"" como un marco de cooperación y transparencia, establece un sistema de certificación para los contribuyentes y crea un ""procedimiento de fiscalización unificado"". Estos elementos modifican la forma en que el SII interactúa y fiscaliza a los contribuyentes, lo cual es información crucial para un sistema que automatiza el cumplimiento de dichas obligaciones.",Falso Positivo,gemini_knn1
Resolución Exenta SII N° 56 del 30 de Abril del 2025,Contiene 'inicio de actividades',"Aunque se trata de un convenio interinstitucional, la normativa regula el intercambio de información directamente relacionada con temas clave para el sistema, como ""inicio de actividades"", ""término de giro"" y ""representantes"" de los contribuyentes. Estos datos son esenciales para los procesos de validación y cumplimiento tributario automatizado que realiza la fintech.",Falso Positivo,gemini_knn1
Circular N° 17 del 12 de Febrero del 2025,No se encontraron reglas de negocio,"La normativa establece los valores de reajustes y multas aplicables a impuestos adeudados, lo cual es un componente esencial del ""cumplimiento tributario"". Un sistema automatizado debe incorporar estas tablas para calcular correctamente las obligaciones de los contribuyentes en caso de pagos fuera de plazo.",Falso Positivo,gemini_knn1
Circular N° 22 del 11 de Marzo del 2025,No se encontraron reglas de negocio,"La normativa establece los valores específicos para el cálculo de reajustes y multas por impuestos adeudados, lo cual es un componente esencial del cumplimiento tributario. Un sistema automatizado para una fintech debe incorporar estas tablas y tasas actualizadas para calcular correctamente los montos a pagar por sus usuarios en caso de mora, asegurando así el cumplimiento preciso de las obligaciones tributarias.",Falso Positivo,gemini_knn1
Resolución Exenta SII N° 71 del 19 de Junio del 2025,Contiene 'cumplimiento tributario',"La normativa se relaciona directamente con el **cumplimiento tributario**, al establecer un nuevo procedimiento y estándares para la certificación de ""sostenibilidad tributaria"". Define requisitos de gobernanza fiscal, marcos de control y matrices de riesgo que los contribuyentes deben implementar. Un sistema de cumplimiento automatizado debe considerar estos estándares para ayudar a sus clientes a alcanzar dicha certificación y sus beneficios asociados.",Falso Positivo,gemini_knn1
Resolución Exenta SII N° 46 del 10 de Abril del 2025,Contiene 'donaciones',"La normativa detalla en sus anexos el intercambio de información específica y los procesos de validación de documentos tributarios que son centrales para un sistema de cumplimiento automatizado. Afecta directamente a los temas de **comprobantes electrónicos (DTE)**, **boletas** (de honorarios), **registro de compra** y **cumplimiento tributario**, al establecer los mecanismos y datos (vía web service y batch) que el SII utilizará para validar la información de los contribuyentes del sector educacional.",Falso Positivo,gemini_knn1
Circular N° 43 del 05 de Junio del 2025,No se encontraron reglas de negocio,"La normativa se relaciona directamente con el ""cumplimiento tributario"", ya que establece las tablas y metodologías para el cálculo de reajustes, intereses y multas sobre los Pagos Provisionales Mensuales (PPM). Estos cálculos son esenciales para un sistema automatizado que gestione o informe sobre las obligaciones tributarias de los contribuyentes.",Falso Positivo,gemini_knn1
Resolución Exenta SII N° 69 del 19 de Junio del 2025,Contiene 'inicio de actividades',"La normativa se relaciona directamente con los temas ""inicio de actividades"" y ""cumplimiento tributario"", que están explícitamente listados como criterios de relevancia. Específicamente, establece la obligación para los bancos comerciales de verificar el inicio de actividades de personas jurídicas al tramitar operaciones de crédito o financiamiento, lo cual constituye una modificación significativa en los procesos de cumplimiento tributario asociados a dichas operaciones.",Falso Positivo,gemini_knn1
Circular N° 35 del 30 de Abril del 2025,Contiene Artículo 68 del Código Tributario | Contiene 'inicio de actividades',"La normativa modifica las reglas sobre cómo el SII notifica sus actuaciones, estableciendo la notificación por correo electrónico y la publicación en el sitio personal del contribuyente como mecanismos principales. Esto se relaciona directamente con el ""cumplimiento tributario"", ya que las notificaciones son el medio oficial para comunicar fiscalizaciones, citaciones y otros actos que inician plazos y obligaciones para el contribuyente, afectando los procesos que un sistema automatizado debe gestionar.",Falso Positivo,gemini_knn1
Circular N° 31 del 17 de Abril del 2025,No se encontraron reglas de negocio,"La normativa se relaciona directamente con el tema de **cumplimiento tributario**. Define y regula las medidas antielusión, el abuso de formas jurídicas y la simulación, estableciendo los procedimientos de fiscalización y sanción que aplicará el SII. Para un sistema de cumplimiento automatizado, es fundamental conocer este marco para evaluar los riesgos tributarios de las operaciones y estructuras que procesa o asesora, asegurando que no faciliten esquemas que puedan ser calificados como elusivos por la autoridad fiscal.",Falso Positivo,gemini_knn1
Circular N° 8 del 28 de Enero del 2025,No se encontraron reglas de negocio,"La normativa informa la tabla de reajustes y multas aplicables a impuestos adeudados. Estos valores son esenciales para el cálculo de obligaciones en caso de pagos fuera de plazo o rectificatorias, lo que se relaciona directamente con la gestión del ""cumplimiento tributario"" que un sistema automatizado debe manejar.",Falso Positivo,gemini_knn1
Resolución Exenta SII N° 75 del 26 de Junio del 2025,No se encontraron reglas de negocio,"La resolución establece las tasas de interés por mora en el pago de impuestos. Esta información es un componente esencial para el ""cumplimiento tributario"", ya que un sistema automatizado debe ser capaz de calcular correctamente los montos adeudados, incluyendo intereses y multas por pagos fuera de plazo.",Falso Positivo,gemini_knn1
Resolución Exenta SII N° 63 del 22 de Mayo del 2025,No se encontraron reglas de negocio,"La normativa establece un cambio de sujeto de IVA para un modelo de negocio que involucra a un PSP (Getnet) y a miles de comercios. Esto modifica directamente las obligaciones de emisión de **comprobantes electrónicos** (prohíbe la emisión de facturas de venta por parte del comercio y obliga a Santander a emitir facturas de compra), impactando el **Registro de Compra y Venta** y el **cumplimiento tributario** general (declaración en F29) de los comercios afectados. Por lo tanto, es crucial para un sistema de cumplimiento automatizado.",Falso Positivo,gemini_knn1
Resolución Exenta SII N° 43 del 04 de Abril del 2025,No se encontraron reglas de negocio,"La normativa establece y regula los procedimientos de fiscalización que permiten al SII acceder a la información bancaria de los contribuyentes para verificar la veracidad e integridad de sus declaraciones de impuestos. Esto se relaciona directamente con el ""cumplimiento tributario"", uno de los temas clave definidos.",Falso Positivo,gemini_knn1
Resolución Exenta SII N° 42 del 03 de Abril del 2025,Contiene Artículo 68 del Código Tributario | Contiene 'inicio de actividades',"La normativa establece un nuevo procedimiento para el **inicio de actividades** y la obtención de RUT, que son procesos centrales del **cumplimiento tributario**. Define a las ""bancas corresponsales"" como **operadores** responsables de inscribir a contribuyentes extranjeros para que realicen operaciones financieras. Un sistema de cumplimiento automatizado debe ser capaz de reconocer y validar este nuevo tipo de RUT simplificado y el procedimiento asociado, ya que afecta directamente la validación de identidad tributaria de potenciales clientes o contrapartes.",Falso Positivo,gemini_knn1
Resolución Exenta SII N° 11 del 17 de Enero del 2025,Contiene 'inicio de actividades',"La normativa establece un cambio de sujeto de IVA, lo que obliga a los compradores a emitir ""facturas de compra"", un tipo específico de comprobante electrónico. Esto modifica directamente las reglas de emisión de documentos tributarios, afecta el Registro de Compra y Venta, y altera las obligaciones de cumplimiento tributario relacionadas con la declaración y pago del IVA (Formulario 29) para los contribuyentes del rubro afectado.",Falso Positivo,gemini_knn1
Resolución Exenta SII N° 05 del 09 de Enero del 2025,No se encontraron reglas de negocio,"La normativa establece una nueva obligación de reporte (Declaración Jurada F1959) que afecta directamente a entidades que procesan pagos. Se relaciona con los temas de **cumplimiento tributario**, **medios de pago electrónicos**, **psp (proveedores de servicios para procesamiento de pagos)** y **comercio electrónico**, al exigir la información de abonos recibidos en cuentas, incluyendo aquellos provenientes de ""monederos, billeteras o cuentas virtuales"", que son operaciones centrales para una fintech.",Falso Positivo,gemini_knn1
Circular N° 37 del 30 de Abril del 2025,Contiene Artículo 68 del Código Tributario,"La normativa regula la representación de los contribuyentes ante el SII, introduciendo una nueva modalidad de mandato digital a través del sitio web del Servicio. Esto afecta directamente el **cumplimiento tributario** y el **inicio de actividades**, ya que establece los procedimientos y facultades para que un tercero, como una fintech, pueda actuar en nombre de sus clientes para realizar trámites y presentar declaraciones. La gestión de estos mandatos es un proceso fundamental para un sistema de cumplimiento automatizado.",Falso Positivo,gemini_knn1
Resolución Exenta SII N° 01 del 02 de Enero del 2025,No se encontraron reglas de negocio,"La normativa establece un régimen especial para un segmento de contribuyentes (pequeños artesanos), liberándolos de la obligación de emitir documentación tributaria, como boletas. Esto impacta directamente en los procesos de un sistema de cumplimiento automatizado que gestiona la emisión de comprobantes electrónicos, el registro de ventas y el cumplimiento tributario general, ya que debe ser capaz de identificar a estos usuarios y aplicar la exención correspondiente. Adicionalmente, se vincula con el proceso de inicio de actividades.",Falso Positivo,gemini_knn1
Circular N° 26 del 03 de Abril del 2025,Contiene Artículo 68 del Código Tributario,"La normativa modifica los artículos 66 y 66 bis del Código Tributario, estableciendo un nuevo procedimiento simplificado para la inscripción en el RUT, lo cual se relaciona directamente con los temas de **inicio de actividades** y **cumplimiento tributario**. Específicamente, regula cómo entidades extranjeras pueden obtener identificación tributaria en Chile al operar a través de intermediarios financieros. Para una fintech que actúa como PSP o facilita el comercio electrónico, este cambio es crucial, ya que afecta directamente el onboarding y la gestión del cumplimiento de clientes o usuarios sin domicilio ni residencia en el país.",Falso Positivo,gemini_knn1
Resolución Exenta SII N° 22 del 21 de Febrero del 2025,No se encontraron reglas de negocio,"La normativa establece nuevos procedimientos de fiscalización y revisión remota que el SII puede ejecutar a nivel nacional. Esto se relaciona directamente con el tema de ""cumplimiento tributario"", ya que define cómo los contribuyentes deben interactuar con el SII, presentar documentación a través del expediente electrónico y responder a requerimientos durante una auditoría.",Falso Positivo,gemini_knn1
Resolución Exenta SII N° 18 del 13 de Febrero del 2025,No se encontraron reglas de negocio,"La normativa establece un intercambio de información entre el SII y el IPS que involucra directamente datos de ""boletas de honorarios electrónicas (BHE)"" y ""boletas de prestación de servicios de terceros electrónicas (BTE)"". Estos son tipos de ""comprobantes electrónicos"" y ""boletas"", temas explícitamente definidos como relevantes para el sistema de cumplimiento normativo.",Falso Positivo,gemini_knn1
Circular N° 1 del 02 de Enero del 2025,No se encontraron reglas de negocio,La normativa modifica directamente un aspecto central del **cumplimiento tributario**: el cálculo de reajustes e intereses moratorios por el pago fuera de plazo de impuestos. Establece una nueva metodología de cálculo diario y semestral que debe ser implementada por cualquier sistema que gestione o calcule deudas tributarias para asegurar la correcta liquidación y pago de las mismas. Esto afecta directamente la funcionalidad de un sistema de cumplimiento automatizado.,Falso Positivo,gemini_knn1
Resolución Exenta SII N° 53 del 29 de Abril del 2025,Contiene 'boletas electrónicas',"La normativa modifica directamente las obligaciones relacionadas con la emisión y entrega de **boletas electrónicas** y **comprobantes de pago electrónico** (voucher) en el punto de venta (**POS**). Establece la obligatoriedad de entregar una representación impresa o virtual del documento, eliminando la opción de no hacerlo si el cliente no lo requiere. Esto impacta directamente los flujos de **cumplimiento tributario** automatizado, especialmente para los **proveedores de medios de pago electrónicos** y sistemas de emisión de boletas, quienes deben adaptar sus sistemas para cumplir con esta nueva exigencia.",Falso Positivo,gemini_knn1
Circular N° 46 del 12 de Junio del 2025,No se encontraron reglas de negocio,"La normativa establece la tabla de cálculo para reajustes y multas aplicables a impuestos adeudados, lo cual es un componente esencial del **cumplimiento tributario**. Un sistema automatizado debe incorporar estos valores para calcular correctamente los montos a pagar en caso de declaraciones o pagos fuera de plazo.",Falso Positivo,gemini_knn1
Circular N° 42 del 15 de Mayo del 2025,No se encontraron reglas de negocio,"La normativa establece la tabla de cálculo de reajustes y multas por pago tardío de impuestos. Esta información es esencial para un sistema de cumplimiento tributario automatizado que necesite calcular los montos adeudados por los contribuyentes en caso de mora, lo cual se enmarca directamente en el tema de ""cumplimiento tributario"".",Falso Positivo,gemini_knn1
Circular N° 7 del 16 de Enero del 2025,No se encontraron reglas de negocio,"La normativa se relaciona directamente con el ""cumplimiento tributario"", ya que establece los procedimientos y facultades del SII para requerir información bancaria y financiera de los contribuyentes con el fin de fiscalizar la veracidad e integridad de sus declaraciones de impuestos. Esto impacta directamente en los procesos de fiscalización que un sistema de cumplimiento automatizado debe considerar.",Falso Positivo,gemini_knn1
Resolución Exenta SII N° 47 del 10 de Abril del 2025,Contiene 'inicio de actividades',"La normativa, a través de sus anexos, detalla la existencia y especificaciones técnicas de web services del SII para la consulta de información de contribuyentes. Específicamente, describe un servicio para verificar la ""fecha de inicio de actividades"", un tema explícitamente definido como relevante. Adicionalmente, la información sobre la consulta de datos básicos del contribuyente y los métodos de autenticación vía API son fundamentales para los sistemas de cumplimiento tributario automatizado.",Falso Positivo,gemini_knn1
Resolución Exenta SII N° 48 del 17 de Abril del 2025,No se encontraron reglas de negocio,"La normativa, en su Anexo 6, detalla la estructura y campos de la Guía de Despacho Electrónica (DTE tipo 52), un tipo de comprobante electrónico. Esta especificación técnica es fundamental para los sistemas de cumplimiento automatizado que procesan Documentos Tributarios Electrónicos, por lo que se relaciona directamente con los temas de ""comprobantes electrónicos"" y ""cumplimiento tributario"".",Falso Positivo,gemini_knn1
Resolución Exenta SII N° 21 del 21 de Febrero del 2025,Contiene Artículo 68 del Código Tributario | Contiene 'cumplimiento tributario' | Contiene 'inicio de actividades',"La normativa regula un procedimiento administrativo para la designación de un apoderado de grupo empresarial, que actúa como punto de contacto con el SII. Aunque se relaciona con el ""cumplimiento tributario"" en un sentido amplio, no modifica directamente los procesos automatizables como la emisión de documentos tributarios electrónicos, los registros de compra/venta o los medios de pago. Es una obligación de gobernanza y comunicación que no impacta la operativa del sistema de la fintech.",Falso Negativo,gemini_knn1
Resolución Exenta SII N° 77 del 26 de Junio del 2025,Contiene Artículo 68 del Código Tributario | Contiene 'operadores' | Contiene 'cumplimiento tributario' | Contiene 'inicio de actividades',Clasificación fallback por error o exceso de tokens.,Falso Negativo,gemini_knn1
Resolución Exenta SII N° 79 del 26 de Junio del 2025,Contiene Artículo 68 del Código Tributario | Contiene 'operadores' | Contiene 'cumplimiento tributario' | Contiene 'inicio de actividades',Clasificación fallback por error o exceso de tokens.,Falso Negativo,gemini_knn1
Circular N° 18 del 21 de Febrero del 2025,No se encontraron reglas de negocio,"La nueva normativa se centra en instrucciones técnicas para la realización de actuaciones vía medios electrónicos y la determinación de competencias regionales, lo cual afecta procesos generales de fiscalización. Aunque no menciona temas específicos como boletas o comprobante electrónico directamente, el uso de electronic records (art. 16) está relacionado con comprobante electrónico, lo que lo hace relevante para el sistema.",Falso Positivo,deepseek-r1_knn1
Resolución Exenta SII N° 56 del 30 de Abril del 2025,Contiene 'inicio de actividades',"El documento proporciona instrucciones técnicas y guías para interactuar con varios sistemas relacionados con el SII, vehicle management, defunciones, etc., lo que lo hace relevante para las funciones de administación pública y la gestión efectiva de información.",Falso Positivo,deepseek-r1_knn1
Resolución Exenta SII N° 82 del 03 de Julio del 2025,No se encontraron reglas de negocio,"El documento aborda la transparencia y protección de datos personales en procesos tributarios, lo cual es relevante para empresas que interactúen con terceros sector y necesiten informar a sus clientes o clientes de tercera parte sobre procesos legales.",Falso Positivo,deepseek-r1_knn1
Circular N° 44 del 12 de Junio del 2025,No se encontraron reglas de negocio,"La nueva normativa se centra en los cálculos de impuestos específicos, como el Impuesto de Utilidad del Sector (IUS) y la relativización de rentas, lo cual afecta directamente al proceso de cálculo y relativización de tributes en sistemas detributarios. Esto es relevante para un sistema de cumplimiento tributario automatizado, ya que involucra aspectos operativos de cálculo y ajustes tributarios.",Falso Positivo,deepseek-r1_knn1
Circular N° 17 del 12 de Febrero del 2025,No se encontraron reglas de negocio,"La nueva normativa se centra en el cálculo de reajustes y multas para tributes, lo cual directly afecta la obligación de cumplir con los impuestos, un aspecto crítico del sistema de cumplimiento tributario.",Falso Positivo,deepseek-r1_knn1
Resolución Exenta SII N° 59 del 06 de Mayo del 2025,Contiene 'donaciones',"El normativo se centra en procedimientos para denunciar anónimos relacionados con la evadección tributaria, lo cual está directamente relacionado con los temas de denuncias anónimas y boletas, entre otros.",Falso Positivo,deepseek-r1_knn1
Circular N° 22 del 11 de Marzo del 2025,No se encontraron reglas de negocio,"La normativa se centra en ajustes y multas relacionados con impuestos, lo que afecta la obligación de liquidación y pagos, impactando directamente el sistema de cumplimiento tributario.",Falso Positivo,deepseek-r1_knn1
Resolución Exenta SII N° 46 del 10 de Abril del 2025,Contiene 'donaciones',"El documento aborda temas legales como subvenciones, impuestos, notificaciones y protocolos técnicos, lo cual es relevante para la gestión financiera y administrativa de organizaciones educativas.",Falso Positivo,deepseek-r1_knn1
Circular N° 14 del 10 de Febrero del 2025,No se encontraron reglas de negocio,"El normativo new se centra en ajustes al impuesto único de segunda categoría (Iusc) que afecta a drivers y trabajadores en agricultura. Proporciona detalles sobre cálculos y relativos tributarios, incluyendo una sección sobre la relativa de tributación, lo cual es directly relevant para el sistema de compliance automático en una empresa de finanzas, ya que involucra procesos de cobro y procesamiento de pagos.",Falso Positivo,deepseek-r1_knn1
Resolución Exenta SII N° 13 del 24 de Enero del 2025,No se encontraron reglas de negocio,"La nueva normativa se centra en la delegación de authority para gestionar procesos relacionados con la entrega de información y la coordinación institucional, lo cual afecta directamente el manejo de datos y la operación integral del sistema de cumplimiento tributario. Esto es crítico para una empresa de fintech que utiliza sistemas automatizados, ya que involucra la gestión eficiente de información externa y la sostenibilidad operativa necesaria para cumplir con los convenios y normas tributarias.",Falso Positivo,deepseek-r1_knn1
Resolución Exenta SII N° 72 del 19 de Junio del 2025,Contiene 'cumplimiento tributario',"El documento es relevante porque establece una relación de cooperación entre el servicio de impuestos internos y el grupo empresarial con fines de sostenibilidad tributaria. Propone acciones para evitar riesgos fiscales, asegurar la contribución impositiva adecuada y garantizar la transparencia. Además, menciona la formalización del plan de cumplimiento, lo que sugiere un proceso estructurado para la implementación de las recomendaciones.",Falso Positivo,deepseek-r1_knn1
Resolución Exenta SII N° 55 del 30 de Abril del 2025,No se encontraron reglas de negocio,"La nueva normativa se centra en procedimientos de fiscalización unificada que incluyen el uso de medios electrónicos y operadores, los cuales son directamente relacionados con los temas de electronic payments (medios de pago electrónicos), inicio de actividades (operadores y administradores) y la applicable de procesos generales que afectan el cumplimiento automatizado del sistema.",Falso Positivo,deepseek-r1_knn1
Resolución Exenta SII N° 02 del 03 de Enero del 2025,No se encontraron reglas de negocio,"La nueva normativa se centra en la automización de procesos de contabilidad electrónica para contribuyentes, lo cual es directamente relevante al sistema de cumplimiento tributario automatizado. Trata sobre el modelado de operaciones de contabilidad electrónica y el almacenamiento digital de libros contables, que son temas relacionados con la automización necesaria en un entorno de fintech.",Falso Positivo,deepseek-r1_knn1
Circular N° 35 del 30 de Abril del 2025,Contiene Artículo 68 del Código Tributario | Contiene 'inicio de actividades',"La información es relevante porque describe las diferentes formas de notificación que debe realizar el servicio, los plazos correspondientes y las consecuencias de no cumplir con las normas establecidas.",Falso Positivo,deepseek-r1_knn1
Circular N° 31 del 17 de Abril del 2025,No se encontraron reglas de negocio,"El documento trata sobre regulaciones legales relacionadas con la impuestos en México, específicamente sobre cómo sancionar a los contribuyentes que cometaan abusos o simulaciones en el pago de impuestos. Esto es relevante para asegurar la justicia y la iusoria en el sistema tributario, prevenir manipulaciones del sistema y garantizar que las personas y empresas sean sometidas a sanciones adecuadas cuando cometan actos ileales.",Falso Positivo,deepseek-r1_knn1
Resolución Exenta SII N° 58 del 06 de Mayo del 2025,No se encontraron reglas de negocio,"La nueva normativa se centra en los parámetros de cooperación efectiva durante el proceso de recopilación de antecedentes para la collection de impuestos, lo cual directly afecta la 'cumplimiento tributario'. Aunque no aborda todos los temas específicos como comprobante electrónico o registro de compra, su relevancia está en cómo regulan las condiciones bajo las cuales la cooperación se considera efectiva, lo cual puede influir en los sistemas de compliance automatizado de una fintech al asegurar que sus procesos cumplan con las normas establecidas por el gobierno.",Falso Positivo,deepseek-r1_knn1
Resolución Exenta SII N° 41 del 03 de Abril del 2025,No se encontraron reglas de negocio,"La nueva normativa se centra en los procedimientos de fiscalización y la aplicación de impuestos durante importaciones y exportaciones, lo cual es directly relevant para una fintech que gestiona transacciones internacionales. Aunque no se centra directamente en los sistemas de cumplimiento automatizado, los cambios afectan procesos legales que son parte del operativo de una empresa que utiliza sistemas de compliance automático, especialmente relacionados con la fiscalización y el manejo de documentos electrónicos.",Falso Positivo,deepseek-r1_knn1
Circular N° 4 del 09 de Enero del 2025,No se encontraron reglas de negocio,"El nuevo normativo se centra en la determinación de tasas de customs duty para productos importados del China, lo cual directly afecta el cálculo de declaraciones de customs. Como resultado, es relevante para el proceso de declaración de customs ya que implica calcular las tasas específicas basadas en grupos de productos y cantidades, lo cual es esencial para la compliance y la cálida de la declaración.",Falso Positivo,deepseek-r1_knn1
Resolución Exenta SII N° 75 del 26 de Junio del 2025,No se encontraron reglas de negocio,"El documento aborda temas directamente relacionados con la aplicación de intereses moratorios en el contexto de los impuestos, incluyendo cómo determinar tasas de interés, cómo se aplican las tasas al liquidar deudas con plazos de vencimiento anteriores a ciertos periodos, y cómo se distribuyen los intereses. Además, se mencionan procesos para determinar la relevantidad de las deudas y la pubilicación en diarios oficiales, lo cual es fundamental para garantizar transparencia y claridad legal.",Falso Positivo,deepseek-r1_knn1
Resolución Exenta SII N° 42 del 03 de Abril del 2025,Contiene Artículo 68 del Código Tributario | Contiene 'inicio de actividades',"La creación de una Gregory's Linea de crédito en Chile con una tarjeta global y una localizada podría ser relevante para empiricals que buscan expandir su operations a Chile, ofreciendo una solución sencilla y eficiente para gestionar créditos a nivel nacional. Sin embargo, el uso intensivo de una base de datos global con autenticación multi-vendor podría implicar problemas de control de riesgos y trazos, lo cual podría generary insidiosos costos adicionales para las empresas que utilicen este servicio.",Falso Positivo,deepseek-r1_knn1
Circular N° 13 del 07 de Febrero del 2025,No se encontraron reglas de negocio,"La nueva normativa se centra en instrucciones sobre el artículo 100 sexies del Código Tributario, incorporado por la Ley N° 21.713, que afecta el proceso de autodenuncia y la rectificación de declaraciones de impuestos. Esto es directamente relevante para el sistema de cumplimiento tributario automatizado, ya que maneja procesos específicos de declaración, rectificación y pagos, los cuales son esenciales para la operación efectiva de una fintech.",Falso Positivo,deepseek-r1_knn1
Resolución Exenta SII N° 04 del 09 de Enero del 2025,No se encontraron reglas de negocio,"La nueva normativa se centra en el término de suspension de actividades según las condiciones del código tributario, lo cual afecta a los operadores y administradores. También menciona la declaración de casos a través de una página web, lo que relaciona con procesos automatizados necesarios para la compliance de la finanzas.",Falso Positivo,deepseek-r1_knn1
Resolución Exenta SII N° 11 del 17 de Enero del 2025,Contiene 'inicio de actividades',"La nueva normativa se centra en el cambio del sujeto de derecho del IVA para las exportaciones de berries, lo cual afecta cómo se calcula y se restringe el impuesto. Esto es directly relevant para el sistema ya que involucra ajustes en la application de tributes y la compliance con procesos legales, lo que requiere actualización en la gestión de declaraciones y recogidas fiscales.",Falso Positivo,deepseek-r1_knn1
Resolución Exenta SII N° 03 del 07 de Enero del 2025,No se encontraron reglas de negocio,"La nueva normativa se centra en la autorización de organizaciones públicas como receptores electrónicos de documentos tributarios, actualizando y refiniendo los procedimientos establecidos. Esto directly afecta el cumplimiento automatizado de procesos legales en el contexto de una fintech, ya que involucra la operación efectiva de sistemas relacionados con los boletas, comprobante electrónicos y la gestión de actividades tributarias.",Falso Positivo,deepseek-r1_knn1
Resolución Exenta SII N° 05 del 09 de Enero del 2025,No se encontraron reglas de negocio,"La nueva normativa se centra en la reportación automática de abonos recibidos, lo cual es crítico para un sistema de cumplimiento tributario. Esto afecta directamente las operaciones deчет, la gestión de transacciones y la sostenibilidad financiera del Fintech, necesitando una integración robusta en el sistema para manejar y informar de manera automática los abonos according to the thresholds and forms specified.",Falso Positivo,deepseek-r1_knn1
Resolución Exenta SII N° 67 del 12 de Junio del 2025,No se encontraron reglas de negocio,"La nueva normativa se centra en la implementación de mecanismos para garantizar el cumplimiento del deber de reserva tributario, lo cual es directly relevante al sistema de cumplimiento automatizado de una fintech. Trata sobre la extension de las obligaciones de reserva a functionarios externos y los procedimientos para denunciar y resolver violaciones, lo que afecta directamente al operador de la empresa y sus sistemas de control de flujo tributario.",Falso Positivo,deepseek-r1_knn1
Resolución Exenta SII N° 20 del 20 de Febrero del 2025,Contiene 'boletas electrónicas',"La nueva normativa se centra en la emisión de boletas de servicios de ingreso a espectáculos públicos, lo cual claramente afecta el proceso de emisión de documentos legales y, por ende, el cumplimiento tributario. Esto direcly implica procesos relacionados con los sistemas de cumplimiento normativo automatizado, especialmente en el contexto de la emisión de boletas, un tema definido en los requisitos del sistema.",Falso Positivo,deepseek-r1_knn1
Circular N° 25 del 03 de Abril del 2025,Contiene 'cumplimiento tributario',"El documento aborda temas legales y fiscales relevantes, como la modificación de normas sobre impuesto territorial, reavaluaciones de bienes raíces, cálculos de impuestos y ajustes suaves. Estos aspectos son relevantes para una empresa que opere en Chile, ya que afectan la imposición de impuestos, la evaluación de bienes raíces y la planificación financiera. Sin embargo, los detalles técnicos sobre planificación territorial no están directamente relacionados con las decisiones operativas de una empresa, por lo que su relevancia está limitada a la extentión legal del servicio de impuestos.",Falso Positivo,deepseek-r1_knn1
Circular N° 37 del 30 de Abril del 2025,Contiene Artículo 68 del Código Tributario,"Los procesos descritos en el documento son legales y transparentes, ya que establecen pasos claros para la actuación de los contribuyentes y representantes digitales, incluyendo la necesidad de autorización y la ratificación de mandatos. No se menciona la violación de privacidad ni la manipulación de información confidencial, lo que sugiere que estos procesos son legales y transparentes.",Falso Positivo,deepseek-r1_knn1
Resolución Exenta SII N° 26 del 24 de Febrero del 2025,Contiene 'boletas electrónicas',"La nueva normativa se centra en la emisión de boletas de servicios, lo cual está directamente relacionado con los temas de ""boletas"" y ""comprobante electrónicos"". Además, aborda procedimientos específicos para la emisión de boletas, lo que afecta el cumplimiento automatizado del sistema de la fintech.",Falso Positivo,deepseek-r1_knn1
Resolución Exenta SII N° 22 del 21 de Febrero del 2025,No se encontraron reglas de negocio,"La nueva normativa se centra en el uso de medios electrónicos para la fiscalización y procesamiento de tareas tributarias, lo cual está directamente relacionado con los temas de electronicos, procesos de fiscalización y cumplimiento tributario.",Falso Positivo,deepseek-r1_knn1
Resolución Exenta SII N° 53 del 29 de Abril del 2025,Contiene 'boletas electrónicas',"La nueva normativa se centra en la obligación de entregar representaciones impresas o virtuales de documentos tributarios como boletas y comprobante de pago, lo cual afecta directamente al sistema de cumplimiento normativo automatizado, ya que establece procesos para la emisión y entrega de dichos documentos.",Falso Positivo,deepseek-r1_knn1
Resolución Exenta SII N° 60 del 07 de Mayo del 2025,No se encontraron reglas de negocio,"La nueva normativa autoriza a organismos públicos como receptores de documentos tributarios electrónicos, lo cual es directamente relevante para el sistema de cumplimiento automatizado de una fintech que procesa tributes.",Falso Positivo,deepseek-r1_knn1
Circular N° 21 del 10 de Marzo del 2025,No se encontraron reglas de negocio,"La nueva normativa se centra en ajustes del impuesto de April (Iusc) y correcciones monetarias en Chile, afectando tributes como el Iusc sobre drivers de taxis, trabajadores agrícolas y Empleado dependiente. Como impacta directamente en la aplicación de impuestos legales, es relevante para el sistema de cumplimiento tributario automatizado de una fintech que maneje a tales grupos.",Falso Positivo,deepseek-r1_knn1
Circular N° 23 del 27 de Marzo del 2025,Contiene 'donaciones',"El nuevo inciso 64 del código tributario introduce normas claras sobre cómo se aplican las tributes en relation con reorganizaciones empresariales, facilitando la transparencia y la claridad para los contribuyentes. Esto es relevante porque define los límites de la facultad de tasación y las condiciones necesarias para evitar interferencias tributarias.",Falso Positivo,deepseek-r1_knn1
Resolución Exenta SII N° 65 del 29 de Mayo del 2025,No se encontraron reglas de negocio,"El nuevo normativo se centra en el estandar CRS (Common Reporting Standard), que relaciona con la intercambio automático de información financiera, un aspecto crítico para sistemas de reporting automático en fintech. Esto afecta la gestión y reporte automático de datos financieros, directly relacionado con la normativa del sistema.",Falso Positivo,deepseek-r1_knn1
Resolución Exenta SII N° 66 del 11 de Junio del 2025,No se encontraron reglas de negocio,"La normativa se centra en la autorización de organizaciones públicas para recibir documentos tributarios electrónicos, lo cual afecta procesos de cobro y emisión electronicos, directamente relacionados con los temas de **boletas** y **comprobante electrónico**, así como el manejo de documentos tributarios en sistemas automatizados.",Falso Positivo,deepseek-r1_knn1
Circular N° 11 del 30 de Enero del 2025,No se encontraron reglas de negocio,"El texto extiende las definiciones y metidades legales relacionadas con la impositividad a la renta, afectando a los contribuyentes en Chile y determinando cómo se computan los impuestos en caso de relaciones con entidades extranjeras o del exterior.",Falso Positivo,deepseek-r1_knn1
Circular N° 9 del 30 de Enero del 2025,No se encontraron reglas de negocio,"La nueva normativa se centra en el sistema de corrección monetaria, afectando el cálculo del impuesto a la renta, lo cual está directamente relacionado con el proceso de cumplimiento tributario. Incluye ajustes en los saldos de los registros empresariales y tablas del impuesto global complementario, lo que lo hace relevante para el sistema de cumplimiento tributario automatizado.",Falso Positivo,deepseek-r1_knn1
Resolución Exenta SII N° 83 del 03 de Julio del 2025,No se encontraron reglas de negocio,"La nueva normativa autoriza a organismos públicos como receptores de documentos tributarios electrónicos, lo cual es directamente relevante para el sistema de cumplimiento automatizado de una fintech ya que afecta la operación y la aceptación de documentos tributarios en formato electrónico.",Falso Positivo,deepseek-r1_knn1
Circular N° 7 del 16 de Enero del 2025,No se encontraron reglas de negocio,"El documento establece sanciones para contribuyentes que no entregan información bancaria o declaraciones tributarias, lo cual fomenta la transparencia y la correcta declaración de impuestos, es fundamental para el funcionamiento del sistema tributario.",Falso Positivo,deepseek-r1_knn1
Resolución Exenta SII N° 47 del 10 de Abril del 2025,Contiene 'inicio de actividades',"El documento establece protocolos para el intercambio de información entre las instituciones, lo cual es relevante para garantizar la transparencia y la comunicación. Sin embargo, algunos detalles técnicos como la ausencia de transparencia total en los procesos de autenticación y la presencia de secretos confidenciales podrían generar incertidumbres y peligros para la privacidad de los datos.",Falso Positivo,deepseek-r1_knn1
Resolución Exenta SII N° 48 del 17 de Abril del 2025,No se encontraron reglas de negocio,El addendum al convenio entre la subsecretaría de transporte y el servicio de impuestos internos es relevante porque:,Falso Positivo,deepseek-r1_knn1
Resolución Exenta SII N° 27 del 04 de Marzo del 2025,No se encontraron reglas de negocio,"La información proporcionada incluye detalles técnicos de varios modelos de coches, marcas específicas y algunos detalles sobre la potencia, transmisión, tracción y país de origen. Aunque no se specify el propósito específico del usuario, la relevancia está basada en la posibilidad de que esta data sea útil para alguien que busque información técnica o comparar coches.",Falso Positivo,deepseek-r1_knn1
Resolución Exenta SII N° 70 del 19 de Junio del 2025,No se encontraron reglas de negocio,"La nueva regla establece normas claras para inscribirse en el registro de empresas certificadoras independientes, incluyendo información personal, documentos y procesos de certificación. Aunque hay algunos puntos que requieren más detenimiento, como títulos académicos extranjeros o conflictos de interés, las normas generales son relevantes para garantizar la integridad y transparencia en el proceso.",Falso Positivo,deepseek-r1_knn1
Resolución Exenta SII N° 21 del 21 de Febrero del 2025,Contiene Artículo 68 del Código Tributario | Contiene 'cumplimiento tributario' | Contiene 'inicio de actividades',"La nueva normativa se centra en el designación del apoderado de grupo empresarial y sus procedimientos para informar al servicio, lo cual no directly afecta los temas relacionados con el cumplimiento tributario automatizado de una fintech.",Falso Negativo,deepseek-r1_knn1
Circular N° 33 del 17 de Abril del 2025,Contiene Artículo 68 del Código Tributario | Contiene 'comercio electrónico' | Contiene 'inicio de actividades' | Contiene 'donaciones',"Las regulaciones del código tributario se centran en prevenir fraudes, defraudar al fisco y evitar la declaración de actividades ilegales. Mientras que algunas secciones son relevantes para proteger a la administración tributaria y prevenir malintenciones, otras no están directamente relacionadas con los aspectos operativos de una empresa o business, lo que las hace menores en relevancia al contexto de un negocio.",Falso Negativo,deepseek-r1_knn1
Circular N° 6 del 16 de Enero del 2025,No se encontraron reglas de negocio,"La Circular N° 6 del 16 de Enero del 2025 imparte instrucciones sobre modificaciones al Código Tributario que afectan directamente el cumplimiento tributario, incluyendo la definición y certificación de ""sostenibilidad tributaria"", la creación de registros públicos de empresas certificadoras y transparencia tributaria, y procedimientos de fiscalización unificados para grupos empresariales. Estas materias inciden en los procesos de cumplimiento tributario automatizado de una fintech, ya que pueden requerir adaptaciones en los sistemas para la gestión de certificaciones, registros y procedimientos de fiscalización electrónica, todos temas incluidos en los criterios de relevancia definidos.",Falso Positivo,gpt4_1_knn1
Resolución Exenta SII N° 71 del 19 de Junio del 2025,Contiene 'cumplimiento tributario',"La resolución regula procedimientos y requisitos para la certificación anual de sostenibilidad tributaria, exigiendo la implementación y documentación de sistemas de cumplimiento tributario, gobernanza fiscal, control fiscal y matrices de riesgo, así como la trazabilidad y evidencia de cumplimiento tributario. Estos aspectos inciden directamente en los procesos de cumplimiento tributario automatizado de una fintech, ya que afectan la forma en que se documentan, controlan y reportan las obligaciones tributarias, lo que es parte central de los sistemas de cumplimiento normativo automatizado.",Falso Positivo,gpt4_1_knn1
Resolución Exenta SII N° 69 del 19 de Junio del 2025,Contiene 'inicio de actividades',"La normativa instruye a los bancos comerciales sobre la obligación de exigir y verificar el inicio de actividades de personas jurídicas o entidades empresariales al tramitar operaciones de crédito, préstamo u otras operaciones patrimoniales, y establece la forma de informar dicha información al SII. El ""inicio de actividades"" es uno de los temas definidos como relevantes, ya que afecta directamente los procesos de cumplimiento tributario automatizado de la fintech en relación con la validación y reporte de operaciones de clientes empresariales.",Falso Positivo,gpt4_1_knn1
Resolución Exenta SII N° 72 del 19 de Junio del 2025,Contiene 'cumplimiento tributario',"La resolución regula de manera general y explícita el ""cumplimiento tributario"", estableciendo procedimientos, estándares y planes de cumplimiento tributario para grupos empresariales, incluyendo la implementación de sistemas de gobernanza fiscal y marcos de control fiscal. Estos elementos son centrales para los sistemas de cumplimiento normativo automatizado de una fintech, ya que afectan directamente la forma en que se gestionan y reportan las obligaciones tributarias, la trazabilidad de la información y la interacción con el SII. La normativa no se limita a procedimientos internos ni a acuerdos individuales, sino que establece un marco general aplicable a múltiples contribuyentes, impactando procesos automatizados de cumplimiento tributario.",Falso Positivo,gpt4_1_knn1
Resolución Exenta SII N° 63 del 22 de Mayo del 2025,No se encontraron reglas de negocio,"La resolución regula el proceso de emisión de facturas de compra electrónicas, la retención y declaración de IVA, y el cumplimiento tributario automatizado en el contexto de un modelo de negocio fintech que involucra medios de pago electrónicos, POS, operadores y administradores, y comercio electrónico. Establece obligaciones específicas para la emisión de comprobantes electrónicos y el registro de operaciones, afectando directamente los sistemas de cumplimiento normativo automatizado de la fintech.",Falso Positivo,gpt4_1_knn1
Resolución Exenta SII N° 42 del 03 de Abril del 2025,Contiene Artículo 68 del Código Tributario | Contiene 'inicio de actividades',"La resolución regula el procedimiento simplificado para la obtención de RUT por parte de contribuyentes no domiciliados ni residentes en Chile, a través de bancas corresponsales (instituciones bancarias o financieras constituidas en Chile). Esto afecta directamente el proceso de inicio de actividades y cumplimiento tributario automatizado para fintechs que operan con clientes extranjeros o a través de bancas corresponsales, así como la gestión de registros y enrolamiento tributario, temas incluidos en las reglas de relevancia.",Falso Positivo,gpt4_1_knn1
Circular N° 13 del 07 de Febrero del 2025,No se encontraron reglas de negocio,"La Circular N° 13 imparte instrucciones sobre un procedimiento de autodenuncia para contribuyentes que detecten diferencias de impuestos que podrían constituir delitos tributarios, estableciendo requisitos y efectos sobre la rectificación de declaraciones de impuestos y el cumplimiento de obligaciones tributarias. Esto impacta directamente en los procesos de cumplimiento tributario automatizado de la fintech, ya que regula cómo deben gestionarse rectificaciones y autodenuncias en caso de errores o diferencias detectadas en declaraciones, lo que es relevante para los sistemas de cumplimiento tributario.",Falso Positivo,gpt4_1_knn1
Resolución Exenta SII N° 11 del 17 de Enero del 2025,Contiene 'inicio de actividades',"La resolución regula la emisión de facturas de compra, la retención y declaración del IVA, y establece obligaciones tributarias específicas para agentes retenedores en la compraventa de berries, incluyendo requisitos sobre documentos tributarios electrónicos y procedimientos de cumplimiento tributario. Estos temas están directamente relacionados con el cumplimiento tributario automatizado, registros de compra y venta, y la emisión de comprobantes electrónicos, por lo que la normativa es relevante para el sistema de la fintech.",Falso Positivo,gpt4_1_knn1
Resolución Exenta SII N° 05 del 09 de Enero del 2025,No se encontraron reglas de negocio,"La normativa establece obligaciones de reporte para entidades financieras respecto a abonos recibidos en cuentas, incluyendo cuentas de provisión de fondos, monederos, billeteras o cuentas virtuales, y operaciones en que el cliente o usuario origen del abono no haya sido identificado. Esto se relaciona directamente con medios de pago electrónicos, cumplimiento tributario, y procesos de registro de operaciones relevantes para sistemas automatizados de una fintech.",Falso Positivo,gpt4_1_knn1
Resolución Exenta SII N° 14 del 30 de Enero del 2025,No se encontraron reglas de negocio,"La resolución regula la emisión de facturas de compra electrónicas, el registro y declaración del IVA retenido, y modifica el proceso de cumplimiento tributario para los agenciados y la empresa de Correos de Chile, afectando directamente procesos automatizados de facturación, retención y declaración de impuestos, todos temas relevantes para sistemas de cumplimiento normativo en una fintech.",Falso Positivo,gpt4_1_knn1
Circular N° 26 del 03 de Abril del 2025,Contiene Artículo 68 del Código Tributario,"La circular regula procedimientos y obligaciones para la inscripción en el Rol Único Tributario (RUT) mediante la carpeta tributaria electrónica, incluyendo procedimientos simplificados y alternativos, así como obligaciones de información y sanciones para instituciones bancarias y financieras que actúan como intermediarios en operaciones financieras, incluyendo corresponsalía bancaria. Esto afecta directamente el cumplimiento tributario automatizado de una fintech, especialmente en lo relativo a inicio de actividades, cumplimiento tributario, operadores y administradores, y medios de pago electrónicos, todos temas expresamente definidos como relevantes.",Falso Positivo,gpt4_1_knn1
Resolución Exenta SII N° 53 del 29 de Abril del 2025,Contiene 'boletas electrónicas',"La normativa instruye sobre la obligación de entregar la representación impresa o virtual de la boleta electrónica y/o comprobante de pago electrónico, regula procedimientos de entrega y visualización de estos documentos, y establece sanciones por incumplimiento. Esto afecta directamente los procesos de cumplimiento tributario automatizado de una fintech, especialmente en lo relativo a boletas, comprobantes electrónicos, medios de pago electrónicos y POS.",Falso Positivo,gpt4_1_knn1
Circular N° 7 del 16 de Enero del 2025,No se encontraron reglas de negocio,"La Circular N° 7 del 16 de Enero del 2025 imparte instrucciones sobre el acceso, requerimiento y entrega de información bancaria por parte del SII en el contexto de fiscalización y verificación del cumplimiento de obligaciones tributarias. Regula procedimientos y sistemas para la entrega de información bancaria, la cual es relevante para el cumplimiento tributario automatizado de una fintech, ya que puede afectar la forma en que se gestionan y resguardan los datos de operaciones bancarias de los usuarios, así como los procesos de respuesta a requerimientos del SII. Además, establece la obligación de mantener registros electrónicos y procedimientos de notificación y respuesta, lo que incide directamente en los sistemas de cumplimiento tributario de la fintech.",Falso Positivo,gpt4_1_knn1
Resolución Exenta SII N° 21 del 21 de Febrero del 2025,Contiene Artículo 68 del Código Tributario | Contiene 'cumplimiento tributario' | Contiene 'inicio de actividades',"La normativa regula el procedimiento de designación de apoderado de grupo empresarial para efectos de coordinación y colaboración con el SII, pero no modifica ni regula directamente procesos relacionados con boletas, comprobantes electrónicos, registros de compra/venta, cumplimiento tributario automatizado, medios de pago electrónicos, POS, operadores, comercio electrónico ni PSP. Se trata de una instrucción sobre representación y comunicación institucional, no sobre procesos operativos o de cumplimiento tributario automatizado relevantes para una fintech.",Falso Negativo,gpt4_1_knn1
Resolución Exenta SII N° 63 del 22 de Mayo del 2025,No se encontraron reglas de negocio,"La normativa establece un cambio en el sujeto pasivo del IVA y regula la emisión de facturas de compra, la retención y declaración del impuesto, aspectos directamente relacionados con el cumplimiento tributario y la emisión de comprobantes electrónicos. Además, involucra un modelo de negocio que opera mediante una plataforma tecnológica para comercios locales, lo que puede afectar procesos automatizados de registro de compra y venta, y cumplimiento tributario en la fintech.",Falso Positivo,gpt4_1_mini_knn1
Resolución Exenta SII N° 42 del 03 de Abril del 2025,Contiene Artículo 68 del Código Tributario | Contiene 'inicio de actividades',"La resolución establece un procedimiento simplificado para la obtención de RUT a través de bancas corresponsales, que son operadores financieros autorizados y regulados, lo cual impacta directamente en el cumplimiento tributario y en la inscripción y registro de contribuyentes no domiciliados ni residentes en Chile. Este procedimiento automatizado afecta procesos tributarios generales relevantes para una fintech, especialmente en la gestión de identificación tributaria y cumplimiento normativo automatizado, vinculándose con operadores y administradores, cumplimiento tributario y medios de pago electrónicos.",Falso Positivo,gpt4_1_mini_knn1
Resolución Exenta SII N° 11 del 17 de Enero del 2025,Contiene 'inicio de actividades',"La resolución establece un cambio en el sujeto de derecho del IVA en las ventas de berries, lo que implica nuevas obligaciones para los agentes retenedores, incluyendo la emisión de facturas de compra con retención de IVA, declaración y pago del impuesto, y la forma en que se deben registrar estas operaciones. Esto afecta directamente el cumplimiento tributario automatizado, la emisión y manejo de comprobantes electrónicos (facturas de compra con retención), y el registro de compra y venta, temas centrales para el sistema de cumplimiento normativo de la fintech.",Falso Positivo,gpt4_1_mini_knn1
Resolución Exenta SII N° 20 del 20 de Febrero del 2025,Contiene 'boletas electrónicas',"La resolución autoriza a una empresa para emitir boletas electrónicas de servicios por cuenta de terceros, específicamente para espectáculos públicos, lo que afecta directamente la emisión de boletas electrónicas y el cumplimiento tributario relacionado. Además, menciona la obligación de emitir boletas en formato electrónico conforme a normativas previas, lo que impacta procesos automatizados de cumplimiento tributario y emisión de comprobantes electrónicos en la fintech.",Falso Positivo,gpt4_1_mini_knn1
Resolución Exenta SII N° 26 del 24 de Febrero del 2025,Contiene 'boletas electrónicas',"La resolución autoriza a una empresa para emitir boletas electrónicas de servicios por cuenta de terceros, específicamente para espectáculos públicos, lo que afecta directamente la emisión de boletas electrónicas y el cumplimiento tributario automatizado. Además, establece condiciones y formatos electrónicos que deben ser considerados en el sistema de cumplimiento normativo de la fintech.",Falso Positivo,gpt4_1_mini_knn1
Circular N° 26 del 03 de Abril del 2025,Contiene Artículo 68 del Código Tributario,"La Circular N° 26 del 03 de Abril del 2025 regula procedimientos simplificados y alternativos para la inscripción en el rol único tributario a través de instituciones bancarias o financieras corresponsales, incluyendo obligaciones de reporte y sanciones relacionadas. Esto afecta directamente el cumplimiento tributario automatizado de fintechs que operan con bancos o instituciones financieras, especialmente en la gestión de identificación tributaria, información para inscripción y reporte de operaciones financieras. Además, involucra procesos vinculados a operadores y administradores financieros, lo que es relevante para sistemas de cumplimiento normativo automatizado en fintechs.",Falso Positivo,gpt4_1_mini_knn1
Resolución Exenta SII N° 18 del 13 de Febrero del 2025,No se encontraron reglas de negocio,"La normativa incorpora un addendum al convenio de intercambio de información entre el SII y el IPS que incluye el envío mensual de información detallada sobre boletas de prestación de servicios de terceros electrónicas (BTE) y boletas de honorarios electrónicas (BHE). Esto afecta directamente el cumplimiento tributario automatizado de la fintech, especialmente en lo relativo a comprobantes electrónicos y registro de ingresos por honorarios, temas contemplados en el ámbito de boletas y cumplimiento tributario.",Falso Positivo,gpt4_1_mini_knn1
Resolución Exenta SII N° 53 del 29 de Abril del 2025,Contiene 'boletas electrónicas',"La resolución establece obligaciones específicas sobre la entrega de la representación impresa o virtual de boletas electrónicas y comprobantes de pago electrónicos, lo cual afecta directamente procesos de emisión, entrega y cumplimiento tributario automatizado en fintechs que operan con medios de pago electrónicos y documentos tributarios electrónicos. Además, regula modalidades de entrega virtual mediante diversos medios tecnológicos, impactando sistemas de cumplimiento normativo automatizado relacionados con boletas, comprobantes electrónicos y medios de pago electrónicos.",Falso Positivo,gpt4_1_mini_knn1
Resolución Exenta SII N° 66 del 11 de Junio del 2025,No se encontraron reglas de negocio,"La normativa autoriza a un organismo público como receptor electrónico de documentos tributarios electrónicos, lo cual afecta directamente el manejo y cumplimiento de comprobantes electrónicos, un tema clave para el sistema de cumplimiento normativo automatizado de la fintech. Además, se relaciona con procesos generales de recepción y validación de documentos tributarios electrónicos, impactando el cumplimiento tributario automatizado.",Falso Positivo,gpt4_1_mini_knn1
Resolución Exenta SII N° 83 del 03 de Julio del 2025,No se encontraron reglas de negocio,"La normativa autoriza a organismos públicos como receptores electrónicos de documentos tributarios electrónicos, lo cual impacta directamente en el manejo y procesamiento automatizado de comprobantes electrónicos, un tema clave para el cumplimiento tributario y la operación de sistemas fintech relacionados con documentos tributarios electrónicos.",Falso Positivo,gpt4_1_mini_knn1
Resolución Exenta SII N° 21 del 21 de Febrero del 2025,Contiene Artículo 68 del Código Tributario | Contiene 'cumplimiento tributario' | Contiene 'inicio de actividades',"La normativa se refiere a la designación de apoderados de grupo empresarial para efectos de comunicación y coordinación con el SII en materia de colaboración y fiscalización tributaria, sin abordar directamente temas relacionados con boletas, comprobantes electrónicos, registros de compra o venta, medios de pago electrónicos, POS, comercio electrónico o PSP. Tampoco modifica procesos generales de cumplimiento tributario automatizado aplicables a fintech en los temas definidos. Por lo tanto, no cumple reglas de negocio para ser considerada relevante.",Falso Negativo,gpt4_1_mini_knn1
